20001,HJ 1849,4 AND,4,,,23 07.7, 46 22,AND,,5.6,12,48.2,347,9,88,K5,1925,16526,
20002,BU 717,8 AND,8,,,23 17.7, 49 00,AND,AB,5,13,7.6,161,9,58/ 88,M,1878,16656,
20003,,12 AND,12,,,23 20.9, 38 11,AND,AB,5.8,9.2,121.1,256,9,88/ 124,F5,1890,,
20004,STT 5,26 AND,26,,,00 18.7, 43 47,AND,,6,9.7,6.2,240,4,59,B9,1847,254,
20005,BU 1095,28 AND,28,,,00 30.1, 29 45,AND,AC,5.3,11.4,139.3,130,4,90,F0,1912,409,A is a Delta Scuti-type var- GN And.
20006,STF 73,36 AND,36,,,00 54.9, 23 37,AND,AB,6.1,6.7,0.6,265,4,127,K0,1983,755,P = 165 yr.- a = 1.01''- motion direct.
20007,HJ 1064,39 AND,39,,,01 02.9, 41 20,AND,,5.9,12.3,20.1,4,4,60,A2,1902,863,
20008,HO 215,45 AND,45,,,01 11.2, 37 43,AND,,6.6,6.6,0.4,280,4,91,B8,1886,,Single 1903- 1906 (DOO) 1907 (A).
20009,HJ 1094,55 AND,55,,,01 53.3, 40 43,AND,,5.6,10.9,59.8,356,4,61,K0,1879,,
20010,STF 4,56 AND,56,,,01 56.1, 37 15,AND,AB,5.8,6.1,196.6,298,4,92,K0,1973,1534,STF 4- App I.
20011,STF 222,59 AND,59,,,02 10.9, 39 02,AND,,6,6.7,16.7,36,4,62/ 92,A0,1831,1683,Y/B.  FIXED
20012,,65 AND,65,,,02 25.6, 50 17,AND,AB,4.9,12.9,49.6,304,1,37/ 62,K5,1963,,
20013,H 32,ALPHA AND,ALPHA,,,00 08.4, 29 05,AND,,2.2,11.4,81.5,280,4,89,A0,1954,94,H V 32. A is a sp-bin.
20014,BAR 1,BETA AND,BETA,,,01 09.7, 35 37,AND,AC,2.4,12.9,94.8,273,4,91,M,1937,949,
20015,BU 491,DELTA AND,DELTA,,,00 39.3, 30 52,AND,AB,3.5,13,28.7,298,4,90,K2,1934,548,A is a long-period sp-bin.
20016,STF 205,GAMMA AND,GAMMA,,,02 03.9, 42 20,AND,AXBC,2.3,5,9.8,63,4,61/ 62,K0,1967,1630,Y/B GOOD COLOR CONTRAST
20017,HJ 1898,KAPPA AND,KAPPA,,,23 40.4, 44 20,AND,AB,4.3,11.3,46.8,194,9,59,A0,1923,16916,Optical.
20018,,LAMBDA AND,LAMBDA,,,23 37.6, 46 28,AND,AC,4,10.5,217.6,89,9,59/ 88,K0,1908,,A is a sp-bin light var. AB is optical.
20019,STF 2973,LN AND,LN,,,23 02.8, 44 03,AND,,6.4,9.6,7.4,41,9,88,B3,1831,16472,A var.
20020,HJ 1057,MU AND,MU,,,00 56.7, 38 29,AND,AB,3.9,12.9,42.2,307,4,60/ 90/ 91,A2,1924,788,
20021,BU 999,OMEGA AND,OMEGA,,,01 27.6, 45 24,AND,AB,5,11.7,1.8,118,4,61,F5,1967,1152,
20022,H 17,PI AND,PI,,,00 36.8, 33 43,AND,AB,4.4,8.9,35.9,173,4,90,B3,1821,513,H V 17. BDS 263- HJ 1030 identical. A is a sp-bin. W/B
20023,,TAU AND,TAU,,,01 40.6, 40 34,AND,,4.9,10.1,48.9,329,4,61,B8,1880,1311,A is a sp-bin. Var?
20024,,THETA CAS,THETA,,,01 10.7, 42 57,AND,AB,7.8,9.9,155.4,298,4,60/ 61,K0,1893,,A is a sp-bin.
20025,,UPSILON AND,UPSILON,,,01 36.9, 41 24,AND,AB,4.2,12.6,114,128,4,61,G0,1909,,A is a sp-bin.
20026,,ZETA AND,ZETA,,,00 47.3, 24 15,AND,AD,4.3,10.8,162.7,259,4,126/ 127,K0,1959,,A is an ecl-bin. AB is optical.
20027,H 50,DELTA ANT,DELTA,,,10 29.6,-30 36,ANT,,5.7,9.7,11,226,20,366,A0,1848,,H N 50.
20028,HJ 4271,ETA ANT,ETA,,,09 58.9,-35 53,ANT,,5.3,11.3,31,318,20,365,F0,1898,,
20029,DUN 78,ZETA ANT 1,ZETA,,,09 30.8,-31 53,ANT,,6.3,7.2,8,213,20,364,A0,1836,,
20030,HJ 4858,BETA APS,BETA,,,16 43.2,-77 30,APS,,4.2,12,51.1,72,26,468,G8,1900,,
20031,D APS,DELTA APS 1,DELTA,,,16 20.4,-78 42,APS,AB,4.8,5.2,102.9,12,26,468,M5,1872,,An irr var.
20032,HDO 249,KAPPA APS 2,KAPPA,,,15 40.4,-73 26,APS,AB,5.8,12.5,15,120,25,453/ 468,B8,1800,,
20033,STF 2379,5 AQL,5,,,18 46.5,-00 57,AQL,APxB,6.1,7.9,12.8,120,15/ 16,250,A0,1965,11667,W/B
20034,STF 2424,11 AQL,11,,,18 59.1, 13 37,AQL,AB,5.4,8.9,17.8,288,15/ 16,205/ 206,F5,1964,11902,
20035,SHJ 286,15 AQL,15,,,19 05.0,-04 02,AQL,,5.5,7.2,38.8,209,16,251,K0,1975,12007,YW/RP
20036,STF 2492,23 AQL,23,,,19 18.5, 01 04,AQL,AB,5.3,9.3,2.9,4,16,251,K0,1979,12289,
20037,STF 40,24 AQL,24,,,19 18.8, 00 20,AQL,AB,6.5,6.7,423.4,316,16,251,K0,1835,,STF 40- App I.
20038,,26 AQL,26,,,19 20.5,-05 24,AQL,,5.1,11.9,115.9,9,16,251,G5,1959,,A is a sp-bin.
20039,S 717,28 AQL,28,,,19 19.7, 12 22,AQL,AB,5.4,8.9,60.2,175,16,206,F0,1856,,A is the Delta Scuti-type var V1208 Aql.
20040,,31 AQL,31,,,19 24.9, 11 54,AQL,AB,5.2,8.7,105.6,343,16,206/ 207,G5,1909,,
20041,HJ 2888,45 AQL,45,,,19 40.7,-00 37,AQL,,5.5,12.7,42.2,354,16,252,A0,1900,12775,
20042,HJ 900,56 AQL,56,,,19 54.1,-08 34,AQL,,6,12.1,46.5,77,16,297,K5,1880,,
20043,STF 2594,57 AQL,57,,,19 54.6,-08 13,AQL,,5.8,6.5,36,170,16,297,B3,1833,,Y/G
20044,BU 672,71 AQL,71,,,20 38.4,-01 06,AQL,,4.5,11,32.2,281,16,254,K0,1878,14081,A is a long-period sp-bin.
20045,STF 10,ALPHA AQL,ALPHA,,,19 50.7, 08 51,AQL,AB,0.9,9.6,165.2,301,16,207,A5,1925,13009,
20046,STT 532,BETA AQL,BETA,,,19 55.3, 06 24,AQL,AB,3.9,11.8,12.9,6,16,207,K0,1976,13110,A is var.
20047,STT 380,CHI AQL,CHI,,,19 42.6, 11 49,AQL,AC,5.3,12.3,81.6,48,16,207,F5,1912,12808,A sp-bin.
20048,,EPSILON AQL,EPSILON,,,18 59.6, 15 04,AQL,AB,4.2,10.1,131.1,187,15/ 16,205/ 206,K0,1887,,A is a sp-bin.
20049,HO 91,FF AQL,FF,,,18 58.2, 17 22,AQL,,5.4,11.1,6.7,141,15/ 16,160/161/205/206,F5,1961,11884,A is Cepheid var.
20050,H 5084,GAMMA CRA,GAMMA,,,19 06.4,-37 00,AQL,AB,5,5,3,54,22,379,F8,1834,,
20051,J 118,IOTA AQL,IOTA,,,19 36.7,-01 16,AQL,,4.3,13,47,161,16,252,B5,1910,12663,
20052,,NU AQL 1,NU,,,19 26.5, 00 20,AQL,,4.9,9.1,201,288,16,251/ 252,F0,1901,,
20053,STF 2583,PI AQL,PI,,,19 48.7, 11 49,AQL,AB,6.1,6.9,1.4,108,16,207,F2,1981,12962,YW/YW
20054,HJ 2886,SIGMA AQL,SIGMA,,,19 39.1, 05 23,AQL,,5.2,12.1,47.8,328,16,207/ 252,B3,1903,12737,A is Beta Lyrae var- spectrum composite; B3V+B3V.
20055,H 27,THETA AQL,THETA,,,20 11.3,-00 49,AQL,,3.4,13,113.7,260,16,253,A0,1901,,H VI 27. A is a sp-bin.
20056,STT 370,V342 AQL,V342,,,19 17.1, 09 21,AQL,AB,8.5,9.1,19.5,14,16,206,K0,1846,12259,B is the Algol-type system
20057,BU 287,ZETA AQL,ZETA,,,19 05.4, 13 52,AQL,AB,3,12,6.5,53,16,206,A0,1934,12026,
20058,HJ 2984,1 AQR,1,,,20 39.4, 00 29,AQR,AB,5.4,11.5,59.7,221,16,254,K0,1924,14108,
20059,STF 2729,4 AQR,4,,,20 51.4,-05 37,AQR,AC,6,12.9,72.7,313,16,254,F2,1962,14360,P = 187 yr.- a = 0.86''- motion direct.
20060,BU 1034,7 AQR,7,,,20 56.9,-09 41,AQR,AB,5.7,11.4,2.1,165,16,299,K2,1888,14449,
20061,STF 2745,12 AQR,12,,,21 04.1,-05 49,AQR,APxB,5.9,7.3,2.5,194,16/ 17,254/ 255,F5,1973,14592,
20062,HJ 5517,18 AQR,18,,,21 24.2,-12 52,AQR,,5.5,13,48.9,321,16/ 17,300,A5,1912,,
20063,,25 AQR,25,,,21 39.6, 02 14,AQR,,5.3,11.6,132.6,46,16/ 17,255/ 256,K0,1911,,
20064,S 802,29 AQR,29,,,22 02.5,-16 58,AQR,AB,7.2,7.4,3.7,244,17,301,A2,1847,15562,A is the Beta Lyrae-type system DX Aqr.
20065,H 56,41 AQR,41,,,22 14.3,-21 04,AQR,AB,5.7,7.2,5.1,113,23,347,G8,1823,15753,Y/B
20066,BU 172,51 AQR,51,,,22 24.1,-04 50,AQR,AB,6.6,6.6,0.2,260,17,257,A0,1981,15902,
20067,SHJ 345,53 AQR,53,,,22 26.5,-16 44,AQR,AB,6.4,6.6,2.9,337,17,302,G0,1982,15934,
20068,,60 AQR,60,,,22 34.0,-01 34,AQR,AB,5.9,10.3,98.1,298,17,257,K0,1912,,
20069,RST 3320,89 AQR,89,,,23 09.9,-22 27,AQR,,5.4,6.2,0.3,321,23,348/ 349,G2,1980,,Composite spectrum G2IV+A2.
20070,STF 2998,94 AQR,94,,,23 19.1,-13 27,AQR,APxB,5.1,7.5,12.6,350,17,304,G5,1981,16672,RW/B
20071,HJ 5394,96 AQR,96,,,23 19.4,-05 07,AQR,,5.7,10.6,10.6,20,17,259,F2,1958,16676,A is a sp-bin.
20072,HJ 5413,104 AQR,104,,,23 41.8,-17 48,AQR,AB,5.1,7.9,120.8,6,17,260/ 304,G0,1892,,A sp-bin.
20073,H 24,107 AQR,107,,,23 46.0,-18 40,AQR,,5.8,6.8,6.6,136,17,260/304/305/349,A5,1975,16979,W/B
20074,,ALPHA AQR,ALPHA,,,22 05.7,-00 18,AQR,,3.2,12.2,113,41,17,256/ 257,G0,1907,,
20075,H 76,BETA AQR,BETA,,,21 31.6,-05 34,AQR,AB,3.1,11,35.4,319,16/ 17,255,G0,1879,15050,H V 76.
20076,HJ 3106,GAMMA AQR,GAMMA,,,22 21.6,-01 22,AQR,,4,12.2,37.4,140,17,257,A0,1959,15864,A is a sp-bin. B is optical.
20077,HJ 5529,KAPPA AQR,KAPPA,,,22 37.8,-04 13,AQR,,5.3,8.8,98.3,247,17,257/ 258,K0,1925,,Distances 103'' and 98''.
20078,BU 279,OMEGA AQR 2,OMEGA,,,23 42.7,-14 31,AQR,,4.6,10.6,5.3,82,17,260/ 304,A0,1965,16944,A is a sp-bin.
20079,H 97,TAU AQR 2,TAU,,,22 49.6,-13 35,AQR,,4.2,8.7,132.5,293,17,303,K5,1825,,
20080,STF 2909,ZETA AQR,ZETA,,,22 28.8,-00 01,AQR,,4.4,4.6,1.8,217,17,257,F2,1982,15971,P = 856 yr.- a = 5.06''- motion retrograde.  W/W
20081,HJ 4955,ALPHA ARA,ALPHA,,,17 31.8,-49 52,ARA,,3,11,55.6,173,22,408,B3,1913,,A sp-bin.
20082,HJ 4951,DELTA ARA,DELTA,,,17 31.1,-60 40,ARA,,3.8,11.8,47.4,313,26,433/ 434,B8,1917,,
20083,HDO 263,EPSLN ARA 2,EPSLN,,,17 03.2,-53 13,ARA,,5.4,13,25,20,26,433,F5,1800,,Duplicity doubtful.
20084,HJ 4942,GAMMA ARA,GAMMA,,,17 25.4,-56 22,ARA,AB,3.5,10.5,17.9,328,26,433,B1,1872,,
20085,HDO 271,IOTA ARA,IOTA,,,17 23.3,-47 27,ARA,,5.5,10.8,42.8,62,22,408,B3,1900,,A is var.
20086,STF 174,1 ARI,1,,,01 50.1, 22 16,ARI,,6.2,7.4,2.9,165,4,128/ 129,F5,1981,1457,Sp-bin?  Y/B
20087,STF 208,10 ARI,10,,,02 03.7, 25 55,ARI,AB,5.8,8,1,322,4,129,F5,1981,1631,P about 300 yr.- a about 1.3''- motion direct.
20088,H 69,14 ARI,14,,,02 09.4, 25 56,ARI,AB,5.1,8.7,93.2,36,4,129,F0,1879,,H VI 69.
20089,STF 5,30 ARI,30,,,02 37.0, 24 39,ARI,,6.6,7.4,38.3,275,4,130,F5,1973,1982,STF 5- App I. A is a sp-bin. W/B
20090,STF 289,33 ARI,33,,,02 40.6, 27 03,ARI,,5.5,8.4,28.6,360,4,93/ 130,A2,1831,2033,A sp-bin. BW/B
20091,STT 47,41 ARI,41,,,02 50.0, 27 15,ARI,APxB,3.7,10.8,24.6,277,4,93/ 130,B8,1922,2159,STT 47 rej.
20092,STF 346,52 ARI,52,,,03 05.5, 25 15,ARI,AB,6.9,6.9,0.2,244,4,131,B8,1981,2336,P = 227 yr.- a = 0.47''- motion direct.
20093,BU 878,66 ARI,66,,,03 28.4, 22 47,ARI,AC,6.1,12.5,147.7,228,4,131/ 132,G5,1963,2552,A is a sp/occ-bin.
20094,STF 333,EPSILON ARI,EPSILON,,,02 59.2, 21 20,ARI,AB,5.2,5.5,1.5,207,4,130/ 131,A2,1981,2257,var velocity suspected.
20095,STF 180,GAMMA ARI,GAMMA,,,01 53.5, 19 17,ARI,AB,4.8,4.8,7.8,2,10,128/ 129,A0,1969,1507,A is a var of the Alpha CVn type.  W/W NICE MATCHED PR
20096,H 12,LAMBDA ARI,LAMBDA,,,01 58.0, 23 35,ARI,AB,4.9,7.7,38.5,47,4,129,A5,1972,1563,H V 12. A is a Beta Lyrae-type and sp-bin.  Y/B
20097,STF 311,PI ARI,PI,,,02 49.3, 17 28,ARI,AB,5.3,8.8,3.2,118,10,130/ 175,B5,1832,2151,A is a sp/occ bin.
20098,STT 92,5 AUR,5,,,05 00.3, 39 24,AUR,,6,9.7,3.8,275,5,65/ 96/ 97,F5,1976,3589,
20099,BU 1046,9 AUR,9,,,05 06.6, 51 36,AUR,AB,5,12.2,5.2,82,1,40,F0,1958,3675,A is a sp-bin.
20100,STF 653,14 AUR,14,,,05 15.4, 32 40,AUR,AB,5.1,11.1,11.1,352,5,97,A2,1909,3824,A is the Delta Scuti var- KW Aur- and a sp-bin. Y/O
20101,STT 103,16 AUR,16,,,05 18.2, 33 22,AUR,,4.8,10.6,4.2,56,5,97,K0,1848,3872,A is a long-period sp-bin.
20102,HO 18,18 AUR,18,,,05 19.4, 33 59,AUR,,6.5,11.8,4.1,165,5,97,A5,1883,3893,
20103,BU 90,26 AUR,26,,,05 38.6, 30 30,AUR,ABXD,5.5,11.5,33.1,114,5,97/ 98,,1915,4229,
20104,HU 559,35 CAM,35,,,06 04.5, 51 34,AUR,BC,9,10,0.6,313,1,41,,1981,4633,
20105,STF 845,41 AUR,41,,,06 11.7, 48 42,AUR,,6.1,6.8,7.7,356,5,67,A0,1973,4773,W/BW
20106,STF 974,59 AUR,59,,,06 53.1, 38 51,AUR,AB,6.2,9.5,22.3,223,5,68/ 99,F2,1831,5534,A is a Delta Scuti-type var- OX Aur.
20107,BU 901,65 AUR,65,,,07 22.1, 36 45,AUR,AB,5.2,11.7,11.4,10,5,100,K0,1934,6009,
20108,S 528,AK AUR,AK,,,06 39.3, 31 35,AUR,,8.7,9.9,81.7,26,5,99,,1825,,A is an Algol-type system
20109,H 88,BETA AUR,BETA,,,05 59.5, 44 56,AUR,AB,2.1,10.6,184.6,39,5,66/ 67,A0,1841,4556,H VI 88. An Algol-type system.
20110,,DELTA AUR,DELTA,,,05 59.4, 54 16,AUR,AB,3.9,9.7,115.4,271,1,41,K0,1908,,
20111,STF 3,LAMBDA AUR,LAMBDA,,,05 19.1, 40 07,AUR,AC,4.8,12.1,41.7,268,5,66,G0,1934,3886,STF 3- App II.
20112,H 90,NU AUR,NU,,,05 51.5, 39 08,AUR,,4.2,9.5,54.6,206,5,66/ 98,K0,1878,4440,H V 90.
20113,STF 616,OMEGA AUR,OMEGA,,,04 59.3, 37 53,AUR,,5.1,8.1,5.3,1,5,96/ 97,A0,1973,3572,
20114,,PHI AUR,PHI,,,05 27.6, 34 28,AUR,AC,5.3,10.7,61.3,71,5,97,K0,1908,,
20115,,PI ORI 3,PI,,,04 51.7, 45 51,AUR,,7.1,12.4,195.9,82,5,65,G0,1925,,Distances 112.5'' and 94.6''. A is sp-bin.
20116,,PSI AUR 7,PSI,,,06 50.8, 41 47,AUR,AB,5,10,40.9,100,5,67/ 68,K0,1925,,
20117,BU 888,SIGMA AUR,SIGMA,,,05 24.7, 37 23,AUR,AB,5.2,11.2,8.7,167,5,97,K5,1922,3984,
20118,BU 192,TAU AUR,TAU,,,05 49.1, 39 11,AUR,AB,4.6,11.6,39.4,352,5,66/ 98,K0,1877,4398,
20119,STT 545,THETA AUR,THETA,,,05 59.7, 37 12,AUR,AB,2.7,7.2,3.5,314,5,98,A0,1979,4566,A is a var of the Alpha CVn type.BW/BW
20120,STF 1772,1 BOO,1,,,13 40.7, 19 57,BOO,AB,5.7,8.6,4.7,136,14,151,A2,1976,8991,B is a metallic-line star.  B/B
20121,,18 BOO,18,,,14 19.3, 13 00,BOO,,5.3,10.2,156.4,217,14,197,F0,1887,,
20122,STF 1890,39 BOO,39,,,14 49.7, 48 43,BOO,,6.1,6.8,2.9,45,7,77/ 78,F5,1981,9406,B is a sp-bin.  Spectral types F6V+F5V.
20123,STF 1909,44 BOO,44,,,15 03.9, 47 39,BOO,,5.3,6.2,1.2,40,7,78,G0,1982,9494,P=225 yr- a=3.77''-motion direct in highly-incl orbit
20124,,45 BOO,45,,,15 07.3, 24 51,BOO,AB,5,10.8,107.4,53,7,153,F0,1909,,
20125,STT 291,BX BOO,BX,,,15 00.6, 47 16,BOO,,6.3,8.8,35.6,156,7,78,A0,1867,9477,STT 291 rej. A is the Alpha CVn-type var.
20126,STF 27,DELTA BOO,DELTA,,,15 15.5, 33 18,BOO,,3.5,8.7,104.9,78,7,112,K0,1835,9559,STF 27- App. I. A is a sp-bin.
20127,STF 1877,EPSILON BOO,EPSILON,,,14 45.0, 27 04,BOO,AB,2.7,5.1,2.8,339,7,111/ 153,K0,1977,9372,B is a sp-bin.  Y/BG
20128,STF 26,IOTA BOO,IOTA,,,14 16.2, 51 22,BOO,AB,4.9,7.5,38.5,33,2,49,A5,1820,9198,STF 26- App I. A is a sp-bin and Delta Scuti var. Y/W
20129,STF 1821,KAPPA BOO,KAPPA,,,14 13.5, 51 47,BOO,,4.6,6.6,13.4,236,2,49,A5,1973,9173,A is a Delta Scuti var. B is a sp-bin.  W/B
20130,STF 1938,MU BOO,MU,,,15 24.5, 37 20,BOO,BC,7.2,7.8,2,15,7,112,K0,1981,9626,BW/R/R
20131,STF 1864,PI BOO 1,PI,,,14 40.7, 16 25,BOO,AB,4.9,5.8,5.6,109,14,152/153/197/198,A0,1977,9338,Both components are sp-bin.  W/W
20132,HJ 2728,RHO BOO,RHO,,,14 31.8, 30 22,BOO,,3.8,11.5,42.2,339,7,111,K0,1953,9296,
20133,,SIGMA BOO,SIGMA,,,14 34.7, 29 44,BOO,AB,4.5,9.8,237.1,82,7,111,F0,1852,,Possibly var.
20134,STT 270,TAU BOO,TAU,,,13 47.3, 17 27,BOO,,4.5,11.1,4.8,11,14,151/ 196,F5,1970,9025,A is a Delta Scuti-type var.
20135,,THETA BOO,THETA,,,14 25.2, 51 51,BOO,,4.1,11.1,69.3,182,2,49,F8,1854,,A is a Delta Scuti-type var.
20136,STF 1888,XI BOO,XI,,,14 51.4, 19 06,BOO,AC,4.6,12.6,66.7,348,14,153,G5,1953,9413,P = 151.5 yr.- a = 4.90''- motion retrograde. Y/RP
20137,STF 1865,ZETA BOO,ZETA,,,14 41.1, 13 44,BOO,AB,4.5,4.6,1,307,14,197/ 198,A2,1960,9343,
20138,HDO 190,ALPHA CAE,ALPHA,,,04 40.5,-41 51,CAE,,4.5,12.5,6.6,121,19,392,F2,1933,,A is a Delta Scuti-type var.
20139,JC 9,GAMMA CAE 1,GAMMA,,,05 04.4,-35 28,CAE,,4.7,8.2,3.2,309,19,358,K0,1983,,
20140,STF 550,1 CAM,1,,,04 32.0, 53 55,CAM,AB,5.7,6.8,10.3,308,1,39/ 40,B1,1830,3274,A is a sp-bin.
20141,BU 1043,3 CAM,3,,,04 39.9, 53 05,CAM,,5.3,12.3,3.8,297,1,40,K0,1888,3359,A is an ecl-bin of the W UMa-type. A is a sp-bin.
20142,,4 CAM,4,,,04 48.0, 56 45,CAM,AC,5.4,12,99,223,1,40,A2,1958,3432,AC: First distance 102.4''.
20143,BU 1187,5 CAM,5,,,04 55.1, 55 15,CAM,,5.6,12.9,12.9,245,1,40,A0,1890,3508,
20144,STF 13,11 CAM,11,,,05 06.0, 58 58,CAM,AB,5.3,6.4,179.8,8,1,40,B3,1836,,STF 13- App I. B is 12 Cam.  B/R IN FINE FIELD
20145,,16 CAM,16,,,05 23.5, 57 32,CAM,,5.2,12.9,106.2,219,1,40,A0,1913,,A is a sp-bin.
20146,H 125,29 CAM,29,,,05 50.5, 56 55,CAM,,6.5,9.5,25.1,131,1,41,A2,1900,4412,H IV 125.
20147,,40 CAM,40,,,06 15.7, 60 00,CAM,,5.6,10.7,102.7,356,1,20/ 41,K0,1908,,
20148,STF 1055,47 CAM,47,,,07 22.3, 59 53,CAM,,6.3,10.8,2,310,1,42,A5,1982,5995,
20149,S 459,BETA CAM,BETA,,,05 03.4, 60 26,CAM,AB,4.2,8.8,82.7,208,1,19/ 40,G0,1825,3615,
20150,HJ 2200,GAMMA CAM,GAMMA,,,03 50.4, 71 19,CAM,AB,4.7,12.4,56.2,240,1,18,A0,1904,,
20151,STF 485,SZ CAM,SZ,,,04 07.8, 62 20,CAM,,7,10.4,89.9,71,1,18,B0,1902,2984,In NGC 1502 Cluster
20152,SEE 439,24 CAP,24,,,21 07.1,-24 59,CAP,,4.6,11.7,26.2,186,23,344/ 345,M1,1897,14632,
20153,SEE 454,41 CAP,41,,,21 42.0,-23 15,CAP,,5.3,11.5,5.2,212,23,346,G9,1897,15223,
20154,STF 51,ALPHA CAP 1,ALPHA,,,20 18.0,-12 32,CAP,AE,3.8,4.2,377.7,291,16,298,G5,1835,13645,STF 51- App I. Also 2 Cap. Y/Y
20155,STF 52,BETA CAP 1,BETA,,,20 21.0,-14 47,CAP,APxB,3.1,6.2,205.3,267,16,298,,1835,,
20156,HJ 3009,CHI CAP,CHI,,,21 08.5,-21 11,CAP,AB,5.3,11,67,66,23,345,A0,1900,,
20157,HJ 3056,DELTA CAP,DELTA,,,21 47.0,-16 07,CAP,AC,3,12.7,118.9,302,16/ 17,301,A5,1901,15314,A is an Algol ecl-bin- and also an occ-bin.
20158,H 6,EPSILON CAP,EPSILON,,,21 37.1,-19 28,CAP,,4.7,9.5,68.1,47,16/ 17,345/ 346,B5,1877,,H VI 6.A is Cepheid & shell star. Also an occ-bin.
20159,LAM 5,NU CAP,NU,,,20 20.6,-12 45,CAP,,4.8,11.8,54.1,211,16,298,A0,1960,13714,
20160,SHJ 324,OMICRON CAP,OMICRON,,,20 29.9,-18 35,CAP,,6.1,6.6,18.9,239,16,298/299/343/344,A2,1823,13902,BW/B
20161,BU 60,PI CAP,PI,,,20 27.3,-18 12,CAP,AB,5.2,8.8,3.4,147,16,298/ 343,B8,1976,13860,Y/B
20162,SHJ 323,RHO CAP,RHO,,,20 28.9,-17 49,CAP,AB,5,10,0.5,158,16,298/ 299,F0,1958,13887,
20163,HDO 156,RY CAP,RY,,,20 06.9,-08 54,CAP,AB,7.8,10.5,6.2,88,16,298,F0,1892,13380,B is the Mira-type var
20164,H 87,SIGMA CAP,SIGMA,,,20 19.4,-19 07,CAP,,5.5,9,56.5,179,16,343,K4,1959,13675,O/B
20165,HU 200,TAU CAP,TAU,,,20 39.3,-14 56,CAP,AC,5.3,12.1,158.6,272,16,299,B5,1912,14099,P = 200 yr.- a = 0.31''- motion direct.
20166,,XI CAP 2,XI,,,20 12.3,-12 36,CAP,,5.9,12.1,71.6,259,16,298,F5,1909,,
20167,SEE 446,ZETA CAP,ZETA,,,21 26.7,-22 25,CAP,,3.9,12.5,21.3,13,23,345,G4,1897,14971,A is a sp-bin.
20168,HJ 4369,BO CAR,BO,,,10 45.8,-59 29,CAR,,7.9,11.1,14.2,41,25,427,M,1837,,A is an irr var
20169,RMK 11,UPSILON CAR,UPSILON,,,09 47.1,-65 03,CAR,,3.1,6.1,5,127,25,448,F0,1836,,
20170,B 1673,V337 CAR,V337,,,10 17.0,-61 20,CAR,AB,3.4,12.6,16.4,164,25,426/ 449,K5,1931,,Variable
20171,B 1673,V337 CAR,V337,,,10 17.0,-61 20,CAR,AC,3.4,12.7,26,6,25,426/ 449,,1932,,Variable
20172,DUN 62,V375 CAR,V375,,,08 04.7,-62 50,CAR,,6.5,7.8,87.1,262,25,424/ 447,B5,1836,,
20173,DUN 74,V376 CAR,V376,,,08 56.9,-59 14,CAR,,5.1,6.8,40.2,75,25,425,B5,1836,,A var
20174,,2 CAS,2,,,23 09.8, 59 19,CAS,AB,5.6,13,19.9,322,3,58,A3,1904,16556,
20175,STT 508,6 CAS,6,,,23 48.9, 62 13,CAS,AC,5.6,10.7,62.4,309,3,15,A2,1912,17022,The var V566 Cas.  Y/O
20176,S 838,9 CAS,9,,,00 04.2, 62 17,CAS,,6,10,246,196,1,15,A0,1824,,
20177,H 122,21 CAS,21,,,00 45.6, 74 58,CAS,,6,9.7,36,160,1,3,A2,1903,624,A is an Algol-type ecl/sp binary
20178,S 397,35 CAS,35,,,01 21.1, 64 39,CAS,,6.3,8.7,55.5,344,1,16,A0,1967,1088,
20179,HJ 2054,40 CAS,40,,,01 38.5, 73 02,CAS,,5.5,11.5,53.3,237,1,4,K0,1879,1268,
20180,BU 1103,44 CAS,44,,,01 43.4, 60 33,CAS,AC,5.8,9.6,66,310,1,16/ 37,B9,1912,1344,A is a sp-bin.
20181,SHJ 22,47 CAS,47,,,02 05.1, 77 16,CAS,,5.4,11.4,95.6,199,1,4,F0,1922,,
20182,BU 513,48 CAS,48,,,02 01.9, 70 54,CAS,AD,4.6,12.6,51.1,85,1,17,A3,1959,1598,P=60 yr.- a=0.65''- motion direct. A is a sp-bin.
20183,BU 785,49 CAS,49,,,02 05.6, 76 06,CAS,AB,5.3,12.3,5.4,246,1,4,G5,1881,1625,
20184,,ALPHA CAS,ALPHA,,,00 40.5, 56 32,CAS,AC,2.5,13,38.3,105,1,36,K0,1908,561,AD: H V 18. Optical. Also HJ 1993. O/B
20185,,DELTA CAS,DELTA,,,01 25.8, 60 14,CAS,,2.8,11.5,131.7,66,1,16/ 36,A5,1925,,A spectroscopic and perhaps ecl-bin.
20186,STF 60,ETA CAS,ETA,,,00 48.8, 57 49,CAS,AC,3.6,11.4,158.9,238,1,36,F8,1922,671,P = 480 yr.- a = 12.0''- motion direct. Y/P
20187,BU 1028,GAMMA CAS,GAMMA,,,00 56.7, 60 43,CAS,AB,2.2,10.9,2.2,252,1,16/ 36,B0,1888,782,A is a nova-like var.
20188,STF 262,IOTA CAS,IOTA,,,02 29.0, 67 23,CAS,AC,4.6,8.5,7.3,115,1,17,A5,1982,1860,A is Alpha CVn var- & ast/sp bin.Orbit calc'd.Y/BW/BW
20189,STT 12,LAMBDA CAS,LAMBDA,,,00 31.7, 54 31,CAS,,5.5,5.8,0.5,185,1,35/ 36,B8,1845,434,Orbits calc'd.
20190,,MU CAS,MU,,,01 07.6, 54 59,CAS,AB,5.3,11.1,90.5,221,1,36,G5,1910,,AB:Distances 238.9''and 190.5''.A is astro and sp-bin
20191,BU 231,OMICRON CAS,OMICRON,,,00 44.8, 48 16,CAS,,4.7,11.2,33.6,302,4,60,B2,1960,622,
20192,H 23,PHI CAS,PHI,,,01 20.1, 58 13,CAS,AB,5.2,12.3,48.6,208,1,36,F5,1800,1073,H III 23. A is a sp-bin. A quintuple system.
20193,BU 1101,PSI CAS,PSI,,,01 25.9, 68 07,CAS,AD,5,10,22.8,118,1,16,K0,1937,1129,H V 83- SHJ 18.
20194,STF 3049,SIGMA CAS,SIGMA,,,23 59.0, 55 45,CAS,AB,5,7.1,3.1,327,3,35,B2,1833,17140,B is a sp-bin.  B/G IN GLORIOUS FIELD
20195,,THETA CAS,THETA,,,01 11.0, 55 09,CAS,,4.5,10.4,145.6,135,1,36,A5,1907,,A is a sp-bin.
20196,BU 1098,UPSLN CAS 1,UPSLN,,,00 55.0, 58 58,CAS,AB,5,12.5,14.3,70,1,36,K0,1934,748,
20197,KR 4,V377 CAS,V377,,,00 19.2, 59 42,CAS,,8.5,9,2.1,183,1,35,F0,1975,263,A is an irr var
20198,STF 284,V482 CAS,V482,,,02 40.8, 61 16,CAS,AB,8,10,6.4,191,1,17/ 38,F0,1969,2018,A is a Beta CMa-type var.
20199,STT 254,WZ CAS,WZ,,,00 01.2, 60 21,CAS,AB,7.6,8.7,58.1,89,1,15/ 35,N,1953,,STT (App) 254.A is semiregular var. O/B- FINE COLORS
20200,H 101,3 CEN,3,,,13 51.9,-32 59,CEN,,4.7,6.2,7.9,106,21,371,B5,1975,,
20201,H 51,4 CEN,4,,,13 53.3,-31 55,CEN,,4.8,8.5,14.9,185,21,371,B7,1837,,H N 51. A is a sp-bin
20202,JC 2,DELTA CEN,DELTA,,,12 08.4,-50 43,CEN,AB,2.9,4.8,268.6,325,21,401/ 428,B3,1847,,
20203,RST 5376,EPSILON CEN,EPSILON,,,13 39.8,-53 27,CEN,,2.3,13,36.9,158,25,430,B2,1948,,
20204,I 1260,KAPPA CEN,KAPPA,,,14 59.2,-42 06,CEN,,3.4,11.5,3.9,82,21,405,B2,1926,,A sp-bin and var star.
20205,RST 3746,LAMBDA CEN,LAMBDA,,,11 35.8,-63 01,CEN,,3.3,11.5,16.3,316,25,450,B9,1937,,
20206,HJ 4445,OMCRN CEN 1,OMCRN,,,11 31.7,-59 26,CEN,,5,11.4,13.5,125,25,427/ 428,G4,1917,,A semiregular var.
20207,COO 157,V766 CEN,V766,,,13 47.2,-62 35,CEN,,6.2,10.2,9.4,318,25,430/ 451/ 452,G5,1900,,A semiregular var
20208,HJ 4624,V767 CEN,V767,,,13 53.9,-47 07,CEN,,5.9,11,21.4,350,21,403,B3,1897,,A is the var
20209,HDO 228,V795 CEN,V795,,,14 15.0,-57 05,CEN,AB,5.2,11,33.9,170,25,430,B3,1901,,A is the var
20210,HDO 228,V795 CEN,V795,,,14 15.0,-57 05,CEN,AC,5.2,12.5,36,220,25,430,,1800,,A is the var
20211,HJ 4409,V815 CEN,V815,,,11 07.3,-42 38,CEN,,5.5,8,1.3,260,20,400,A5,1980,,The var
20212,DUN 128,XI CEN 2,XI,,,13 06.9,-49 54,CEN,,4.4,9.5,25.1,100,21,402,B3,1836,,A is a sp-bin.
20213,,16 CEP,16,,,21 59.3, 73 10,CEP,,5.2,12,131.4,173,3,14,F5,1930,,Optical.
20214,BU 697,19 CEP,19,,,22 05.2, 62 17,CEP,AB,5.2,11.2,19.8,94,3,33,O5,1878,15624,
20215,,ALPHA CEP,ALPHA,,,21 18.5, 62 35,CEP,AB,2.6,10.4,206.8,22,3,33,A5,1907,14858,Var?
20216,STF 2806,BETA CEP,BETA,,,21 28.7, 70 33,CEP,APxB,3.3,8,13.4,249,3,33,B1,1832,15032,W/B
20217,,DELTA CEP,DELTA,,,22 29.2, 58 30,CEP,,4.5,7.5,41,192,3,57/ 58,,,,O/B
20218,S 800,EM CEP,EM,,,21 53.8, 62 36,CEP,AB,7.1,8.8,62.5,145,3,33,B3,1824,15434,A is the Beta Lyrae-type system EM Cep.
20219,,EPSILON CEP,EPSILON,,,22 14.9, 57 02,CEP,,4.2,9.5,127.8,15,3,57,F0,1918,,A is a Delta Scuti-type var.
20220,STF 2675,KAPPA CEP,KAPPA,,,20 08.9, 77 43,CEP,AB,4.4,8.4,7.3,121,3,13,B9,1832,13524,W/B
20221,STF 2961,KZ CEP,KZ,,,22 56.5, 62 52,CEP,,8.6,8.6,1.9,348,3,34,B5,1833,16394,One component is the Beta CMa-type var KZ Cep.
20222,STF 3001,OMICRON CEP,OMICRON,,,23 18.6, 68 06,CEP,AB,5,7.6,3.2,216,3,34,G5,1982,16666,Orbit calc'd.
20223,STF 2863,XI CEP,XI,,,22 03.7, 64 37,CEP,APxB,4.6,6.5,7.8,277,3,33,A3,1982,15600,B/B
20224,STF 2863,XI CEP,XI,,,22 03.7, 64 37,CEP,APxC,4.6,12.7,96.8,200,3,33,A3,1925,15600,
20225,STT 529,ZZ CEP,ZZ,,,22 45.0, 68 07,CEP,AB,8.9,10.2,3.6,201,3,34,A2,1971,16252,A is the Algol-type system
20226,,18 CET,18,,,00 45.5,-12 52,CET,,6.1,12.4,69.5,238,17-Oct,261/ 262,G0,1959,,
20227,,25 CET,25,,,01 03.1,-04 49,CET,,5.3,11.7,199.9,242,10,217,G5,1960,,
20228,STF 84,26 CET,26,,,01 03.8, 01 22,CET,AB,6.2,8.6,16,254,10,217,F0,1832,875,AC: 1909 and 1921 measures disagree. BDS 494 same star
20229,STF 3,37 CET,37,,,01 14.4,-07 56,CET,,5.2,8.7,49.7,331,10,262,F0,1822,1003,Y/L
20230,,38 CET,38,,,01 14.8,-01 00,CET,AB,5.8,12.1,114.1,276,10,217,F5,1909,,
20231,,39 CET,39,,,01 16.6,-02 29,CET,,5.5,11.2,177.6,84,10,217/ 218,G0,1913,,A semiregular var- AY Cet.
20232,STF 113,42 CET,42,,,01 19.8,-00 31,CET,AxBC,6.4,7.4,1.6,14,10,217/ 218,F5,1982,1081,
20233,HJ 1079,44 CET,44,,,01 24.0,-08 00,CET,,6.5,11.2,84.6,298,10,262/ 263,A5,1924,,A is a Delta Scuti-type var- AV Cet.
20234,SEE 14,48 CET,48,,,01 29.6,-21 38,CET,,5.1,12.6,22,250,18,308,A0,1897,1184,
20235,H 102,61 CET,61,,,02 03.8,-00 20,CET,AB,6,10.5,43,194,10,219,G5,1975,1634,H V 102.
20236,STF 231,66 CET,66,,,02 12.8,-02 23,CET,AB,5.8,7.6,16.5,234,10,219,G0,1975,1703,G/B
20237,,77 CET,77,,,02 34.7,-07 51,CET,,5.8,12.5,94.7,44,10,265,K0,1960,,
20238,,80 CET,80,,,02 36.0,-07 49,CET,AC,5.7,9.3,146.7,189,10,265,K5,1900,,
20239,STF 295,84 CET,84,,,02 41.2,-00 41,CET,,5.8,9,4.1,309,10,220,F5,1976,2046,A is a Delta Scuti-type var.
20240,HJ 663,94 CET,94,,,03 12.8,-01 11,CET,,5.1,11.5,3.2,232,11-Oct,221,F8,1962,2406,
20241,BU 486,AD CET,AD,,,00 14.4,-07 46,CET,,5.4,11.4,3,4,17-Oct,260/ 261,M,1878,180,Irr var
20242,,CHI CET,CHI,,,01 49.6,-10 41,CET,,4.8,6.8,183.8,250,10,263/ 264,F0,1891,,
20243,,ETA CET,ETA,,,01 08.5,-10 10,CET,,3.6,10.3,233.5,305,10,262,K0,1907,,
20244,STF 299,GAMMA CET,GAMMA,,,02 43.3, 03 14,CET,,3.6,7.4,2.8,296,10,220,A2,1976,2080,Y/B
20245,HJ 1953,IOTA CET,IOTA,,,00 19.4,-08 49,CET,AB,3.8,12.1,63.4,17,17-Oct,260/ 261,K0,1910,,Var?
20246,HJ 1953,IOTA CET,IOTA,,,00 19.4,-08 49,CET,AC,3.8,8.6,108.8,194,17-Oct,260/ 261,K0,1959,,Var?
20247,STF 281,NU CET,NU,,,02 35.9, 05 35,CET,,5,9.6,8.1,80,10,175/ 220,G5,1972,1971,
20248,I 294,DELTA CHA 1,DELTA,,,10 45.3,-80 27,CHA,,6.1,6.4,0.6,83,25,465,K1,1901,,
20249,HJ 4486,EPSILON CHA,EPSILON,,,11 59.6,-78 13,CHA,,5.5,6.1,0.9,188,25,466,B9,1975,,
20250,I 799,THETA CHA,THETA,,,08 20.7,-77 29,CHA,,4.3,12,31,250,25,464,K5,1911,,
20251,DUN 166,ALPHA CIR,ALPHA,,,14 42.5,-64 57,CIR,,3.4,8.8,15.7,229,25,452,A0,1837,,Probably var.
20252,HJ 4757,GAMMA CIR,GAMMA,,,15 23.4,-59 19,CIR,,5.2,5.5,0.8,25,25,431,B5,1978,,Orbit calc'd.
20253,HDO 197,10 CMA,10,,,06 44.5,-31 04,CMA,,5.2,10.6,36.3,97,19,360,B3,1901,,A is the var FT CMa.
20254,H 65,17 CMA,17,,,06 55.0,-20 24,CMA,AB,5.8,9.3,44.4,147,12-Nov,318,A2,1800,5585,
20255,AGC 1,ALPHA CMA,ALPHA,,,06 45.1,-16 43,CMA,AB,-1.5,8.5,7,72,12-Nov,273,A0,1960,5423,Sirius- getting tougher until 1994.
20256,,BETA CMA,BETA,,,06 22.7,-17 58,CMA,,2,9.8,185.9,340,12-Nov,272,B1,1908,,Prototype of its class of var. A is also a sp-bin.
20257,CPO 7,EPSILON CMA,EPSILON,,,06 58.6,-28 58,CMA,,1.6,7.5,7.5,161,19,318/ 360/ 361,B1,1850,5654,
20258,,ETA CMA,ETA,,,07 24.1,-29 18,CMA,,2.4,6.9,178.7,285,19,319/ 361,B7,1833,,
20259,STF 3116,FR CMA,FR,,,06 21.5,-11 46,CMA,AB,5.5,9.7,4.2,23,12-Nov,272,B2,1831,4978,A is a Cepheid
20260,STF 997,MU CMA,MU,,,06 56.1,-14 02,CMA,AB,5.3,8.6,2.8,342,12-Nov,273,G5,1963,5605,Y/B
20261,SHJ 73,NU CMA 1,NU,,,06 36.4,-18 40,CMA,,5.8,8.5,17.4,263,12-Nov,272/273/317/318,G5,1821,5253,
20262,H 123,PI CMA,PI,,,06 55.6,-20 08,CMA,,4.6,9.6,11.6,18,12-Nov,318,F2,1876,5602,H N 123. Possibly var.
20263,HJ 3948,TAU CMA,TAU,,,07 18.7,-24 57,CMA,AC,4.4,11.2,14.8,79,19,319,,1876,,In NGC 2362 Cluster.  A FAVORITE.
20264,,ZETA CMA,ZETA,,,06 20.3,-30 03,CMA,,3.1,7.7,175.5,338,19,359/ 360,B8,1833,,A is a long-period sp-bin.
20265,,BETA CMI,BETA,,,07 27.1, 08 17,CMI,AC,3.1,11.2,98.5,23,12,184,B8,1879,,A is a sp-bin. Var?
20266,,BETA CMI,BETA,,,07 27.1, 08 17,CMI,AD,3.1,11.1,124.9,77,12,184,B8,1879,,
20267,J 2835,DELTA CMI 3,DELTA,,,07 34.3, 03 22,CMI,AB,5.8,11,90,110,12,229,A0,1945,,BAL 2296.
20268,BU 21,ETA CMI,ETA,,,07 28.0, 06 56,CMI,,5.3,11.1,4,25,12,184,A5,1875,6101,
20269,LAM 4,GAMMA CMI,GAMMA,,,07 28.2, 08 54,CMI,AC,4.6,12.3,119.2,262,12,184,K0,1911,6100,A is a sp-bin.
20270,STF 1224,24 CNC,24,,,08 26.7, 24 32,CNC,AxBC,7.1,7.6,5.7,49,6,141,A3,1973,6811,BC: P = 21.8 yr.- a = 0.19''- motion direct.
20271,,39 CNC,39,,,08 39.9, 11 32,CNC,AB,7.9,10.5,137,324,12,186,G5,1911,,
20272,HO 252,51 NC,51,,,08 58.0, 30 13,CNC,,7,7,0.1,225,6,102/ 103,F5,1945,7107,Rapid binary? Measures scattered and uncertain.
20273,HJ 460,53 CNC,53,,,08 52.5, 28 15,CNC,,6.4,9.9,44,334,6,102/ 142,M0,1903,,A is the var BO Cnc.
20274,STT 195,57 CNC,57,,,08 54.0, 08 25,CNC,,8,8.5,9.5,139,12,187,F8,1848,7073,
20275,STF 1298,66 CNC,66,,,09 01.4, 32 15,CNC,AB,5.9,8,4.5,137,6,102/ 103,A2,1831,7137,
20276,SHJ 101,67 CNC,67,,,09 01.8, 27 54,CNC,,6.1,8.9,103.5,327,6,102/ 103/ 142,A5,1960,,A is a sp-bin.
20277,,75 CNC,75,,,09 08.8, 26 37,CNC,AB,6,9.1,12,40,6,142,G5,1911,,Distances 92.6'' and 112.0''. A is a sp-bin.
20278,HJ 110,ALPHA CNC,ALPHA,,,08 58.5, 11 51,CNC,,4.3,11.8,10.9,322,12,187,A3,1962,7115,A is an occultation double.
20279,HJ 457,DELTA CNC,DELTA,,,08 44.7, 18 09,CNC,,4.2,12.2,38.4,90,12,141/ 142,K0,1958,6967,Optical.
20280,S 574,EPSILON CNC,EPSILON,,,08 40.5, 19 32,CNC,,6.3,7.4,134.9,249,12,141,A2,1825,,a sp-bin.
20281,,GAMMA CNC,GAMMA,,,08 43.3, 21 28,CNC,AB,4.7,8.7,106.3,66,6,141,A0,1888,,A is a sp-bin.
20282,STF 1268,IOTA CNC,IOTA,,,08 46.7, 28 46,CNC,,4.2,6.6,30.4,307,6,102/ 141/ 142,G5,1828,6988,O/B- NICE COLORS
20283,H 75,OMEGA CNC 2,OMEGA,,,08 01.7, 25 05,CNC,AB,6.2,11,45.5,23,6,140,A0,1904,,H VI 75.
20284,S 566,PHI CNC 1,PHI,,,08 26.5, 27 53,CNC,,5.8,10.1,130.6,21,6,102/ 141,K2,1923,,
20285,,PI CNC 1,PI,,,09 12.3, 14 59,CNC,AB,6.4,10.6,222.4,229,13-Dec,187,G5,1907,,AP: P = 2.65 yr.- a = 0.13''- motion retrograde.
20286,,PSI CNC,PSI,,,08 10.4, 25 31,CNC,AB,5.8,12.2,73.8,297,6,140,G5,1925,,Optical.
20287,SHJ 100,SIGMA CNC 3,SIGMA,,,08 59.5, 32 24,CNC,,5.6,9.4,89.5,296,6,102/ 103,G5,1823,,
20288,HJ 2452,THETA CNC,THETA,,,08 31.6, 18 05,CNC,,5.6,10,63.1,61,12,141,M,1902,,Occultation double.
20289,STF 1196,ZETA CNC,ZETA,,,08 12.2, 17 39,CNC,AC,5.6,6.3,5.3,79,12,140/141/185/186,F7,1982,6650,P=59.7 yr- a=0.88''-motion retrograde.Y/O TOUGH TRIPLE
20290,HJ 3857,8 MON,8,,,06 24.1,-36 42,COL,AB,5.7,10.8,12.9,256,19,360,G5,1882,,Y/B  IN GRAND FIELD
20291,HDO 193,ALPHA COL,ALPHA,,,05 39.6,-34 04,COL,,2.8,12.5,13.5,359,19,358/ 359,B8,1898,,
20292,HJ 3819,GAMMA COL,GAMMA,,,05 57.5,-35 17,COL,,4.4,12.7,33.8,110,19,359,B3,1919,,
20293,STF 1596,2 COM,2,,,12 04.3, 21 27,COM,,6,7.5,3.7,237,7,148,F0,1829,8406,A sp-bin.
20294,HO 52,11 COM,11,,,12 20.8, 17 47,COM,,4.9,12.9,9.1,44,13/ 14,148/ 193,K0,1883,8521,
20295,SHJ 143,12 COM,12,,,12 22.5, 25 50,COM,AB,4.8,11.8,35,54,7,148,F5,1904,8530,A is a sp-bin.
20296,STF 21,17 COM,17,,,12 28.9, 25 54,COM,AB,5.4,6.7,145.3,251,7,148/ 149,A0,1836,8568,STF 21- App I. A is Alpha CVn var. B is sp-bin. W/B
20297,STF 1657,24 COM,24,,,12 35.1, 18 22,COM,,5.2,6.7,20.3,271,13/ 14,148/ 149,K0,1830,8600,B is a sp-bin.  O/B- NICE
20298,HJ 522,30 COM,30,,,12 49.3, 27 33,COM,,5.8,11.5,42.5,13,7,108/ 149,A0,1912,8674,A is a sp-bin.
20299,STF 23,32 COM,32,,,12 52.2, 17 04,COM,AB,6.5,6.9,196.5,50,13/ 14,149/ 194,K5,1960,,
20300,STF 1687,35 COM,35,,,12 53.3, 21 14,COM,AC,5.1,9.1,28.7,126,7,149,K0,1830,8695,Y/B
20301,STF 1728,ALPHA COM,ALPHA,,,13 10.0, 17 31,COM,AC,5.2,10.2,110.3,330,14,150/ 195,F5,1923,8804,P = 25.9 yr.- a = 0.66''- inclination 90 degrees.
20302,DUN 222,KAPPA CRA 2,KAPPA,,,18 33.4,-38 43,CRA,,5.9,6.6,21.4,359,22,378,B8,1836,,
20303,COO 227,LAMBDA CRA,LAMBDA,,,18 43.8,-38 19,CRA,AB,5.1,9.7,29.2,214,22,378,A0,1900,,Var?
20304,AGC 7,EPSILON CRB,EPSILON,,,15 57.5, 26 52,CRB,AB,4.2,12.6,2.1,10,7,155,K0,1965,9859,
20305,STF 1937,ETA CRB,ETA,,,15 23.2, 30 17,CRB,AC,5.6,12.6,57.7,12,7,112,G0,1920,9617,
20306,,KAPPA CRB,KAPPA,,,15 51.4, 35 40,CRB,,4.8,11.5,134.6,202,7,113,K0,1909,,
20307,H 94,LAMBDA CRB,LAMBDA,,,15 55.7, 37 56,CRB,,5.5,10,94.3,66,7,113,F2,1959,,H VI 94.
20308,STF 29,NU CRB 1,NU,,,16 22.4, 33 47,CRB,AB,5.4,5.3,364.4,165,8,113/ 114,M,1922,,AB: STF 29- App I.
20309,,OMICRON CRB,OMICRON,,,15 20.2, 29 37,CRB,,5.6,9.5,147.3,337,7,112,K0,1887,,
20310,S 676,RHO CRB,RHO,,,16 01.1, 33 20,CRB,,5.5,8.7,89.6,71,8,113,F8,1923,,
20311,STF 2032,SIGMA CRB,SIGMA,,,16 14.7, 33 51,CRB,AB,5.8,6.7,6.6,233,8,113,G0,1981,9979,P = 1000 yr.- a = 6.6''- motion direct.
20312,,XI CRB,XI,,,16 22.1, 30 52,CRB,,4.7,12.1,185.1,59,8,113/ 114,K0,1909,,
20313,STF 1965,ZETA CRB 2,ZETA,,,15 39.4, 36 38,CRB,,5.1,6,6.3,305,7,112/ 113,B8,1973,9737,A is a sp-bin. B is Zeta (1) CrB.  BW/G
20314,HJ 840,GAMMA CRT,GAMMA,,,11 24.9,-17 41,CRT,,4.1,9.6,5.3,94,13,281/ 282,A5,1968,8153,
20315,KUI 57,KAPPA CRT,KAPPA,,,11 27.1,-12 21,CRT,,6,13,27.9,336,13,281/ 282,F4,1958,,
20316,BU 220,PSI CRT,PSI,,,11 12.5,-18 29,CRT,,6.6,7.2,0.3,330,13,281/ 326,A0,1981,8086,Orbit calc'd.
20317,BU 600,SV CRT,SV,,,11 17.0,-07 07,CRT,AC,6,9.8,57.2,98,13,281,F0,1823,8115,A is an Alpha CVn-type var.- and a sp-bin.
20318,I 362,BETA CRU,BETA,,,12 47.8,-59 40,CRU,AB,1.5,11.4,44.3,322,25,429,B1,1901,,A is a Beta CMa-type var.
20319,HJ 4501,ETA CRU,ETA,,,12 06.9,-64 36,CRU,,4.3,11.8,44,299,25,450,F0,1918,,A is a sp-bin.
20320,DUN 124,GAMMA CRU,GAMMA,,,12 31.1,-57 06,CRU,AB,1.6,6.7,10.6,31,25,428/ 429,M4,1919,,
20321,HJ 4547,IOTA CRU,IOTA,,,12 45.7,-60 58,CRU,,4.7,9.5,27,14,25,429,G8,1882,,
20322,DUN 126,MU CRU 1-2,MU,,,12 54.6,-57 10,CRU,,4.3,5.3,34.9,17,25,429,B3,1826,,B is var.
20323,SHJ 145,DELTA CRV,DELTA,,,12 29.9,-16 31,CRV,,3.1,9.3,24.1,214,13/ 14,283/ 284,A0,1823,8572,Y/R
20324,STF 1622,2 CVN,2,,,12 16.1, 40 39,CVN,,5.9,8.2,11.5,260,7,74,K5,1832,8489,A is a sp-bin. R/B
20325,,7 CVN,7,,,12 30.1, 51 31,CVN,AB,6.2,10.4,109.2,172,2,47/ 48,F8,1908,,
20326,STF 24,17 CVN,17,,,13 10.1, 38 30,CVN,AB,6,6.2,284.6,297,7,75/ 76/ 109,F0,1925,8805,STF 24- App I. Optical with BC.
20327,STF 1768,25 CVN,25,,,13 37.5, 36 17,CVN,AC,4.9,8.7,214.6,141,7,109/ 110,F0,1981,8974,
20328,STF 1692,ALPHA CVN,ALPHA,,,12 56.1, 38 18,CVN,,2.9,5.4,19.4,228,7,75/ 108/ 109,A0,1822,8706,Prototype of Alpha CVn var.Cor Coroli.Y/B;Nice colors
20329,STF 46,16 CYG,16,,,19 41.9, 50 31,CYG,,6.3,6.4,39.3,134,3,55/ 84,G0,1955,12815,
20330,STF 2580,17 CYG,17,,,19 46.4, 33 44,CYG,AB,5,9.2,26,69,8,119,F5,1973,12913,R/B
20331,HJ 603,19 CYG,19,,,19 50.5, 38 43,CYG,AB,5.4,10.4,55.5,110,8,84/ 119,M0,1966,13014,
20332,H 47,26 CYG,26,,,20 01.3, 50 06,CYG,AB,5.3,10.3,41.8,147,3,55/ 84,K0,1875,13278,H V 47.  Y/B
20333,,27 CYG,27,,,20 06.3, 35 58,CYG,AC,5.5,11.6,36.2,144,9,119,K0,1924,,
20334,,29 CYG,29,,,20 14.5, 36 48,CYG,AB,5,6.6,212.4,153,9,119,A0,1881,,A Delta Scuti-type var- V1644 Cyg.
20335,S 743,32 CYG,32,,,20 15.5, 47 43,CYG,,4.2,9.7,208.9,175,9,84,K0,1824,,A sp/ecl bin.
20336,AC 18,44 CYG,44,,,20 31.0, 36 56,CYG,AB,6.3,11.3,2,159,9,120,F8,1958,13949,
20337,STF 2716,49 CYG,49,,,20 41.0, 32 18,CYG,AB,5.9,8,2.5,45,9,120,K0,1973,14158,WRH observed A as single. B is a sp-bin.  Y/B
20338,BU 675,51 CYG,51,,,20 42.2, 50 20,CYG,AB,5.4,12.4,3,102,3,56/ 85,B3,1878,14189,
20339,STF 2726,52 CYG,52,,,20 45.6, 30 42,CYG,,4.3,9.5,6.2,67,9,120,K0,1964,14259,Y/B
20340,HJ 1581,55 CYG,55,,,20 48.9, 46 07,CYG,,4.9,10.9,21.3,174,9,85,B2,1875,14337,Var.
20341,,56 CYG,56,,,20 50.1, 44 03,CYG,,5.1,11.1,75.5,46,9,85,A5,1907,,
20342,STT 426,60 CYG,60,,,21 01.2, 46 09,CYG,,5.2,9.4,2.5,164,9,85,B3,1848,14549,A is a sp-bin.
20343,STF 2758,61 CYG,61,,,21 06.3, 38 39,CYG,AB,5.6,6.3,29.5,147,9,85/ 121,K5,1982,14636,Orbits calc'd.  YO/YO
20344,S 790,69 CYG,69,,,21 25.8, 36 39,CYG,AB,5.8,10.2,33.3,29,9,121,B0,1896,14969,
20345,AC 20,75 CYG,75,,,21 40.2, 43 16,CYG,AB,5.4,10.7,2.7,324,9,86,K5,1860,15208,STT (App) 221.
20346,S 796,76 CYG,76,,,21 41.5, 40 48,CYG,AB,6,10,62.1,232,9,86,A0,1925,,A is a sp-bin.
20347,S 799,79 CYG,79,,,21 43.4, 38 17,CYG,AB,5.6,6.9,151.2,60,9,86/ 121/ 122,A0,1925,,
20348,H 73,ALPHA CYG,ALPHA,,,20 41.4, 45 16,CYG,,1.3,11.7,75.4,106,9,85,A2,1879,14172,H N 73.
20349,STF 43,BETA CYG,BETA,,,19 30.7, 27 57,CYG,APxB,3.1,5.4,34.4,54,8,118/ 161/ 162,,1822,12540,Y/B.  ALBERIO- LOVELY.
20350,STF 2579,DELTA CYG,DELTA,,,19 44.9, 45 07,CYG,AC,3,12,65.7,66,8,84,A0,1913,12880,P = 828 yr.- a = 3.20''- motion retrograde.  W/BW
20351,BU 676,EPSILON CYG,EPSILON,,,20 46.2, 33 57,CYG,AB,2.6,11.6,47.3,269,9,120,K0,1970,14274,
20352,BU 980,ETA CYG,ETA,,,19 56.4, 35 05,CYG,AB,4,12,7.4,208,8,119,K0,1879,13149,
20353,STF 2822,MU CYG,MU,,,21 44.1, 28 44,CYG,AB,4.7,6.1,2.1,298,9,122/ 166,F5,1982,15270,
20354,BU 669,OMEGA CYG 1,OMEGA,,,20 30.1, 48 57,CYG,AB,4.9,12.9,17.8,341,9,85,B3,1878,13932,
20355,STF 50,OMICRON CYG,OMICRON,,,20 13.6, 46 44,CYG,APxC,3.8,6.9,107,173,9,84,K0,1836,13554,
20356,STF 2605,PSI CYG,PSI,,,19 55.6, 52 26,CYG,AB,4.9,7.4,3.1,176,3,55,A3,1980,13148,
20357,BU 677,T CYG,T,,,20 47.2, 34 22,CYG,AB,5.2,10.2,9.9,121,9,120,K0,1878,14290,A is the irregular var
20358,AGC 13,TAU CYG,TAU,,,21 14.8, 38 01,CYG,AD,3.8,10.1,170,210,9,85/ 86/ 121,F0,1924,14787,P=49.8 yr-a=0.85''-motion retro. A is Delta Scuti var
20359,BU 1131,THETA CYG,THETA,,,19 36.5, 50 12,CYG,AB,4.6,12.9,3.2,60,3,55/ 83/ 84,F5,1968,12695,
20360,STT 433,UPSILON CYG,UPSILON,,,21 17.9, 34 54,CYG,AB,4.4,10,15.1,220,9,121,B3,1849,14831,
20361,V1042CYG,V1042 CYG,V1042,,,20 11.9, 36 11,CYG,,8,10.3,53.2,110,9,119,O,1878,,A is the irregular var
20362,HO 286,V1334 CYG,V1334,,,21 19.4, 38 14,CYG,,6.6,6.6,0.1,26,9,86/ 121,F2,1974,14859,Often seen single. Rapid binary. Cepheid- V1334 Cyg.
20363,SEI 830,V1362 CYG,V1362,,,20 03.7, 36 25,CYG,,8.1,10.9,28.6,357,9,119,B2,1896,,
20364,SEI 1077,V382 CYG,V382,,,20 18.8, 36 20,CYG,,8.9,11.4,11.4,332,9,119/ 120,B0,1896,,A is a Beta Lyrae-type system
20365,STF 2762,V389,V389,,,21 08.6, 30 12,CYG,AB,5.8,7.8,3.4,305,9,121,A0,1980,14682,A is probably an Alpha CVn-type var.
20366,,ZETA CYG,ZETA,,,21 12.9, 30 13,CYG,AB,3.4,11.6,66.9,204,9,121,K0,1907,,A is a sp-bin.
20367,B 65,13 DEL,13,,,20 47.8, 06 00,DEL,,5.5,9,1.6,124,16,209/ 254,A0,1875,14293,
20368,,15 DEL,15,,,20 49.7, 12 32,DEL,AC,6,11.2,108,82,16,209,F5,1890,,
20369,HJ 1592,16 DEL,16,,,20 55.7, 12 33,DEL,,5.5,11.8,38.2,21,16,209,A2,1911,14429,
20370,B 151,BETA DEL,BETA,,,20 37.5, 14 36,DEL,AB,4,11,42,323,16,209,F5,1873,14073,
20371,STF 2727,GAMMA DEL,GAMMA,,,20 46.6, 16 08,DEL,,4.5,5.5,9.6,268,16,164/ 209,G5,1976,14279,Orbit calc'd.  Y/G
20372,STT 533,KAPPA DEL,KAPPA,,,20 39.1, 10 05,DEL,AB,5.2,11.8,34.7,282,16,209,G5,1970,14101,
20373,FIN 89,T DOR,T,,,04 45.4,-59 48,DOR,,8.7,12,4.8,13,24,421,A0,1929,,A is the Mira-type var
20374,HJ 3342,10 DRA,10,,,13 51.4, 64 43,DRA,AB,4.8,13,54.8,26,2,26/ 27,M,1879,9039,A is an irregular var- CU Dra.
20375,STF 2078,17 DRA,17,,,16 36.3, 52 55,DRA,AB,5.6,6.6,3.2,107,3,52,A2,1976,10129,Common proper motion with 16 Dra.
20376,STF 2118,20 DRA,20,,,16 56.4, 65 01,DRA,,6.9,7.4,1.1,70,3,29,F0,1981,10279,Orbit calc'd.
20377,B 962,26 DRA,26,,,17 35.0, 61 53,DRA,AB,5.5,8,1,141,3,30/ 53,F8,1879,10660,FM 600 BEST
20378,,27 DRA,27,,,17 31.9, 68 07,DRA,,5.2,11.4,103.4,344,3,30,K0,1960,,A is a sp-bin.
20379,STF 2323,39 DRA,39,,,18 24.0, 58 48,DRA,AB,4.9,7.9,3.8,351,3,53,A2,1975,11336,A is a sp-bin.
20380,STF 2308,41 DRA,41,,,18 00.1, 79 59,DRA,AB,5.8,6.2,19.1,232,3,12,F5,1975,11061,Both components are sp-bin.  YW/YW
20381,H 37,46 DRA,46,,,18 42.6, 55 32,DRA,AB,5.1,10.7,146.8,160,3,54,A0,1879,,
20382,STT 200,65 DRA,65,,,20 02.3, 64 37,DRA,AB,6.6,8.7,98.2,336,3,32,G5,1875,,
20383,STT 200,65 DRA,65,,,20 02.3, 64 37,DRA,AP,6.6,11.9,26.7,192,3,32,G5,1905,,
20384,,74 DRA,74,,,20 29.5, 81 04,DRA,AB,6.1,9.3,214.4,39,3,13,K0,1851,,A sp-bin.
20385,,75 DRA,75,,,20 28.2, 81 25,DRA,AB,5.6,11.1,109.8,12,3,13,K0,1960,,
20386,BU 1090,BETA DRA,BETA,,,17 30.5, 52 18,DRA,AC,3,12.7,117.4,156,3,52/ 53,G0,1960,10611,
20387,ARG 33,BH DRA,BH,,,19 03.7, 57 28,DRA,,8.4,8.9,10.5,57,3,54,A0,1903,12019,A is the Algol-type system
20388,,DELTA DRA,DELTA,,,19 12.5, 67 39,DRA,,3.2,12.4,88.1,352,3,31,K0,1907,,
20389,STF 1878,DL DRA,DL,,,14 42.1, 61 15,DRA,,6.3,8.5,4.1,318,2,27/ 50,F2,1982,9357,A is the Delta Scuti-type var DL Dra.
20390,STF 2603,EPSILON DRA,EPSILON,,,19 48.1, 70 16,DRA,,4,7.6,3.1,16,3,31/ 32,K0,1976,13007,A sp-bin.  Y/B
20391,STT 312,ETA DRA,ETA,,,16 24.0, 61 30,DRA,AB,2.9,8.9,5.2,142,3,29/ 51,G5,1974,10058,A and B are var suspects. ABxC: Distance 564.9''.
20392,BU 633,GAMMA DRA,GAMMA,,,17 56.6, 51 29,DRA,AC,2.4,12.9,45.7,230,3,53,K5,1898,10923,A is var.
20393,,IOTA  DRA,IOTA,,,15 25.0, 58 58,DRA,,3.5,9.2,254.6,50,2,50,K0,1879,,
20394,STF 2130,MU DRA,MU,,,17 05.4, 54 28,DRA,AB,5.8,5.8,2.1,42,3,52,F5,1982,10345,W/W
20395,STF 2420,OMICRON DRA,OMICRON,,,18 51.2, 59 22,DRA,AB,4.9,7.9,34.6,324,3,54,K0,1961,11779,A is a sp-bin.  YO/G
20396,STT 353,PHI DRA,PHI,,,18 20.8, 71 20,DRA,AC,4.4,12.7,70.8,115,3,30,A0,1912,11311,Orbit calc'd. A is an Alpha CVn var and sp-bin.
20397,STF 2241,PSI DRA 1,PSI,,,17 41.9, 72 09,DRA,AB,4.9,6.1,30.3,15,3,30-Dec,F5,1832,10759,Y/BW
20398,BU 971,S SCT,S,,,18 47.5, 49 25,DRA,AC,7.2,11.2,107.6,113,8,54/ 82/ 83,F5,1914,11698,The primary is a sp-bin
20399,STF 2742,2 EQU,2,,,21 02.2, 07 10,EQU,,7.4,7.4,2.8,216,16/ 17,209/ 210,F8,1978,14556,
20400,,3 EQU,3,,,21 04.6, 05 31,EQU,,5.9,12.8,80.7,252,16/ 17,209/210/254/255,K2,1911,,
20401,,4 EQU,4,,,21 05.5, 05 57,EQU,,6,12.4,34.9,278,16/ 17,209/210/254/255,F8,1924,,
20402,HJ 3023,BETA EQU,BETA,,,21 22.9, 06 48,EQU,AC,5.1,11.6,69.2,307,16/ 17,210,A0,1912,14920,A is a sp-bin.
20403,STF 2777,DELTA EQU,DELTA,,,21 14.5, 10 00,EQU,ABxC,4.6,9.5,47.8,14,16/ 17,210,F5,1925,14773,3 faint stars in a line to the east.
20404,STF 2737,EPSILON EQU,EPSILON,,,20 59.1, 04 18,EQU,AD,5.3,12.4,74.8,280,16,254,F5,1924,14499,W/B
20405,,GAMMA EQU,GAMMA,,,21 10.4, 10 08,EQU,AB,4.8,11.6,1.9,268,16/ 17,210,F0,1958,14702,A is an Alpha CVn-type var.
20406,HJ 338,30 ERI,30,,,03 52.7,-05 22,ERI,,5.5,10.6,8.2,135,11-Oct,222,B8,1863,2832,
20407,STF 470,32 ERI,32,,,03 54.3,-02 57,ERI,AB,5,6.3,6.8,347,11-Oct,222,G5,1822,2850,A is a sp-bin.
20408,STF 516,39 ERI,39,,,04 14.4,-10 14,ERI,AB,5.2,8.2,6.4,145,11,268,K0,1974,3079,C is -10~869.
20409,STN 9,54 ERI,54,,,04 40.5,-19 40,ERI,,5.1,5.4,0.3,161,11,314,M,1877,3380,A semireg var- DM Eri. Not certainly a visual double.
20410,STF 590,55 ERI,55,,,04 43.6,-08 47,ERI,,6.7,6.8,9.3,318,11,269,F5,1822,3409,B is a Delta Scuti-type var.  Y/W
20411,SHJ 48,62 ERI,62,,,04 56.4,-05 10,ERI,,5.6,9.2,67.3,75,11,224,B9,1821,,Y/BW
20412,STF 642,66 ERI,66,,,05 06.7,-04 39,ERI,,5.3,8.5,52.8,10,11,224/ 225,B9,1879,3698,STF 642 rej. A is a sp-bin.
20413,,BETA ERI,BETA,,,05 07.9,-05 05,ERI,,2.9,10.9,116.7,143,11,224/ 225,A3,1879,,
20414,HJ 3473,CHI ERI,CHI,,,01 55.9,-51 36,ERI,,3.7,10.7,4.8,204,24,388/ 418,G5,1956,,
20415,H 64,DZ ERI,DZ,,,04 32.6,-03 12,ERI,,5.9,9.3,124.5,117,11,223/ 224,B9,1900,,H VI 64. Probably a var of Delta Scuti type.
20416,DUN 16,F ERI,F,,,03 48.6,-37 37,ERI,,4.9,5.4,8,213,18,356,B8,1975,,Possible Beta Lyrae-type var. G/P
20417,HJ 3608,GAMMA ERI,GAMMA,,,03 58.1,-13 30,ERI,,3.2,12.7,52.8,242,11-Oct,267/ 268,K5,1877,2904,var?
20418,STF 518,OMCRN ERI 2,OMCRN,,,04 15.7,-07 34,ERI,AB,4.5,9.7,83.4,104,11,268,G5,1970,3093,
20419,DUN 6,PHI ERI,PHI,,,02 16.5,-51 30,ERI,,3.8,9,87.6,222,24,389/ 418,B8,1962,,
20420,BU 11,RHO ERI 2,RHO,,,03 02.7,-07 41,ERI,,5.5,9.7,1.6,70,11-Oct,266,G5,1979,2312,
20421,JC 1,TAU ERI 4,TAU,,,03 19.5,-21 45,ERI,AB,4,9.5,5.7,288,18,311,M2,1857,2472,A is an irregular var.
20422,PZ 2,THETA ERI,THETA,,,02 58.3,-40 18,ERI,,3.4,4.5,8.3,89,18,354/ 355/ 390,A2,1975,,A is a sp-bin. W/W- BRILLIANT.
20423,I 58,CHI FOR 3,CHI,,,03 28.2,-35 51,FOR,,6.5,10.5,6.3,248,18,355,A0,1898,,
20424,HJ 3536,ETA FOR 2,ETA,,,02 50.2,-35 50,FOR,,5.8,10,4.9,14,18,354,K0,1897,,
20425,BU 877,GAMMA FOR 1,GAMMA,,,02 49.8,-24 33,FOR,AB,6.3,12.7,12,145,18,310,G5,1880,2167,
20426,HJ 3506,OMEGA FOR,OMEGA,,,02 33.9,-28 13,FOR,,5,7.7,10.9,244,18,310/ 354,B9,1836,1954,
20427,SHJ 70,15 GEM,15,,,06 27.8, 20 47,GEM,AB,6.6,8,27.1,204,5,137,K0,1957,5080,W/B
20428,STF 924,20 GEM,20,,,06 32.3, 17 46,GEM,AB,7.1,8,20,211,12-Nov,137/ 182,F8,1822,5166,BDS 3424 probably same star.  Y/B
20429,HJ 397,25 GEM,25,,,06 41.4, 28 12,GEM,AB,6.5,11.7,30.7,46,5,99/ 137/ 138,K0,1904,,
20430,LAM 3,30 GEM,30,,,06 44.0, 13 14,GEM,,4.6,11.1,27.2,184,12-Nov,182/ 183,K0,1904,5387,
20431,J 2028,33 GEM,33,,,06 49.9, 16 13,GEM,,5.7,13,27.5,45,12-Nov,138/ 183,B8,1942,,
20432,STF 982,38 GEM,38,,,06 54.6, 13 10,GEM,AB,4.8,7.1,7.1,147,12-Nov,183,F0,1981,5559,A is a Delta Scuti-type var.  Y/B
20433,,39 GEM,39,,,06 58.9, 26 03,GEM,,6.1,12.1,28.8,33,5,138,F5,1925,,
20434,STT 165,45 GEM,45,,,07 08.3, 15 56,GEM,AB,5.6,11.3,10.4,13,12,183/ 184,K0,1963,5812,
20435,H 74,51 GEM,51,,,07 13.3, 16 09,GEM,AB,5.3,10.5,149.2,20,12,138/139/183/184,M,1901,,AB: H VI 74.
20436,HO 343,52 GEM,52,,,07 14.7, 24 53,GEM,,6,12.7,23.9,265,5,138/ 139,K0,1910,5909,
20437,,56 GEM,56,,,07 21.9, 20 26,GEM,AB,5.2,12.2,16.5,202,5,139,K2,1935,6016,A is a var suspect.
20438,BU 200,70 GEM,70,,,07 38.6, 35 02,GEM,AB,5.6,11.6,0.4,191,5,100/ 101,G5,1926,6229,AB: Last distance 100.4''.
20439,STF 1110,CASTOR,ALPHA,Castor,,07 34.6, 31 53,GEM,AB,2,2.9,2.3,94,5,100,A0,1981,6175,BW/BW
20440,BU 580,POLLUX,Beta,Pollux,,07 45.4, 28 01,GEM,AE,1.2,9.7,234,90,5,101/ 139/ 140,K0,1879,6335,H VI 42. Distances 116.7'' and 201.1''.
20441,,CHI GEM,CHI,,,08 03.5, 27 47,GEM,AB,5,12,60.1,188,6,101/ 140,K0,1907,,See Monthly Notices R.A.S. 68- 205.
20442,STF 1066,DELTA GEM,DELTA,,,07 20.2, 21 59,GEM,,3.5,8.5,6.2,220,5,139,F0,1981,5983,Orbit calc'd. A is an occ/sp-bin.  Y/R
20443,S 533,EPSILON GEM,EPSILON,,,06 44.0, 25 08,GEM,,3.2,9.2,110.3,94,5,137/ 138,G5,1825,5381,W/B
20444,,GAMMA GEM,GAMMA,,,06 37.7, 16 23,GEM,AB,1.9,11.2,135.5,295,12-Nov,137/138/182/183,A0,1880,,H V 71. A is a long-period sp-bin
20445,STT 179,KAPPA GEM,KAPPA,,,07 44.4, 24 23,GEM,,3.7,8.2,7.1,240,5,139/ 140,G5,1973,6321,O/B
20446,STF 1061,LAMBDA GEM,LAMBDA,,,07 18.2, 16 32,GEM,,3.6,10.7,9.6,33,12,139/ 184,A2,1829,5961,A is a sp/occ bin.  G/B
20447,STT 77,NU GEM,NU,,,06 28.9, 20 13,GEM,AxBC,4.1,8.6,112.5,329,5,137,B5,1876,5103,AB: STT (App) 77.
20448,STF 1135,PI GEM,PI,,,07 47.5, 33 25,GEM,AB,5.3,11.4,21,214,5,101,K2,1923,6364,Variable?
20449,A 2124,RHO GEM,RHO,,,07 29.1, 31 46,GEM,AB,4.2,12.5,3.4,8,5,100,F0,1935,6109,A is a sp-bin.
20450,,SIGMA GEM,SIGMA,,,07 43.3, 28 52,GEM,,4.3,10.8,182.2,316,5,100/101/139/140,K0,1909,,A is a sp-bin and var.
20451,BU 1009,TAU GEM,TAU,,,07 11.2, 30 15,GEM,AC,4.5,12.4,60.2,343,5,100,K0,1913,5846,A is an irregular var.
20452,,THETA GEM,THETA,,,06 52.8, 33 57,GEM,AB,3.6,12.6,78.7,322,5,99,A2,1913,5532,A is a sp-bin.
20453,SHJ 77,ZETA GEM,ZETA,,,07 04.1, 20 34,GEM,CR,8.6,12.9,27.2,166,5,138,G,1907,5742,A is a Cepheid- and an occ-bin.
20454,DUN 239,DELTA GRU 2,DELTA,,,22 29.8,-43 45,GRU,,4.3,9.2,60.6,211,23,414,M4,1975,,A is an irregular var.
20455,SEE 473,NU GRU,NU,,,22 28.7,-39 07,GRU,,5.5,12.5,27.3,116,23,384/ 414,G4,1896,,
20456,I 135,PI GRU 2,PI,,,22 22.7,-45 56,GRU,,6.5,10.7,2.8,201,23,414,S,1900,,A is an irregular var.
20457,BU 771,SIGMA GRU 2,SIGMA,,,22 36.9,-40 34,GRU,,5.8,11,2.7,263,23,384/ 414,A2,1891,,
20458,JC 20,THETA GRU,THETA,,,23 06.8,-43 31,GRU,AB,4.5,7,1.4,92,23,415,F4,1982,,
20459,STF 31,37 HER,37,,,16 40.7, 04 13,HER,AB,5.7,6.9,69.7,230,15,246,A0,1835,10149,
20460,STF 2082,42 HER,42,,,16 38.7, 48 55,HER,,5.1,11.8,25.6,92,8,80,M,1828,10144,Y/O
20461,SHJ 239,43 HER,43,,,16 45.8, 08 35,HER,AB,5.4,9.8,82.5,230,15,201/ 202,K2,1852,,
20462,,45 HER,45,,,16 47.7, 05 15,HER,,5.3,10.5,122.7,84,15,201/202/246/247,A0,1911,,A is a sp-bin and is var.
20463,BU 627,52 HER,52,,,16 49.2, 45 58,HER,AD,4.9,11.9,66.2,230,8,80,A2,1911,10227,A is an Alpha CVn-type var- V637 Her.
20464,,53 HER,53,,,16 53.0, 31 42,HER,,5.4,12.1,70.9,64,8,114,F0,1960,,
20465,BU 954,54 HER,54,,,16 55.4, 18 26,HER,,5.6,12.9,2.5,180,15,157,K2,1967,10262,
20466,STF 2110,56 HER,56,,,16 55.1, 25 44,HER,,6.3,10.8,18.1,93,8,157,K0,1841,10259,STF 2110 rej. A is a sp-bin.
20467,H 133,60 HER,60,,,17 05.3, 12 44,HER,,4.9,10.9,56,309,15,202,A3,1924,10334,H V 133.
20468,S 687,70 HER,70,,,17 20.9, 24 30,HER,AB,5.1,8.6,222.9,56,8,157/ 158,A0,1879,,A is a sp-bin.
20469,DOR 544,72 HER,72,,,17 20.6, 32 30,HER,,5.4,9.7,30,335,8,115,G0,1923,10488,Struve-Dorpat. Distances 162.6'' and 230.0''.
20470,STF 2243,90 HER,90,,,17 53.3, 36 05,HER,,9,9.5,1.3,42,8,116,G5,1976,10874,Y/B
20471,STF 2264,95 HER,95,,,18 01.5, 21 35,HER,,5.1,5.2,6.3,258,8,159,A3,1974,10993,G/R
20472,AC 15,99 HER,99,,,18 07.0, 30 33,HER,AC,5.2,10.7,93.4,53,8,116,F8,1912,11077,P = 55.8 yr.- a = 1.00''- motion direct.
20473,STF 2280,100 HER,100,,,18 07.8, 26 05,HER,AB,5.9,6,14.2,182,8,159,A3,1821,11089,One component is var.
20474,AGC 8,102 HER,102,,,18 08.8, 20 49,HER,,4.3,11.8,23.4,136,8,159,B3,1878,11102,
20475,,109 HER,109,,,18 23.6, 21 47,HER,,3.9,10.4,221.8,321,8,159/ 160,K0,1854,,
20476,HJ 2839,110 HER,110,,,18 45.7, 20 33,HER,AB,4.3,13,48.2,73,8,160,F5,1935,11658,
20477,BU 646,113 HER,113,,,18 54.7, 22 38,HER,AB,4.6,11.1,35.4,33,8,160/ 161,G0,1878,11820,
20478,STF 2140,ALPHA HER,ALPHA,,,17 14.7, 14 23,HER,AB,3.5,5.4,4.8,108,15,202,M,1978,10418,Orbit calc'd. O/BG
20479,STF 3127,DELTA HER,DELTA,,,17 15.0, 24 50,HER,APxB,3.2,8.3,9.5,255,8,157,A2,1975,10424,W/P
20480,SHJ 227,GAMMA HER,GAMMA,,,16 21.9, 19 08,HER,AB,3.8,9.8,41.6,233,15,156,F0,1938,10022,A is a sp-bin.
20481,STF 2010,KAPPA HER,KAPPA,,,16 08.1, 17 03,HER,AB,5.3,6.5,28.1,12,15,155/ 200,G5,1966,9933,Y/R
20482,AC 7,MU HER,MU,,,17 46.5, 27 44,HER,AD,3.5,11.2,256.1,4,8,116/ 158,G5,1921,10786,BC: P = 43.2 yr.- a = 1.36''- motion direct.
20483,BU 625,OMEGA HER,OMEGA,,,16 25.4, 14 02,HER,AC,4.5,11,28.4,96,15,201,A0,1957,10054,A is var.
20484,STF 2161,RHO HER,RHO,,,17 23.7, 37 08,HER,APxB,4.5,5.5,4.1,320,8,115,A0,1979,10526,G/G
20485,H 122,V451 HER,V451,,,17 01.5, 14 56,HER,,6.2,11,19,239,15,202,A0,1800,10310,H IV 122. STF 2115. A is the Alpha CVn-type var.
20486,HJ 1303,V624 HER,V624,,,17 44.3, 14 24,HER,,6.2,9.3,39.7,151,15,203,A3,1959,10749,A is the ecl-bin.
20487,,GAMMA HOR,GAMMA,,,02 45.4,-63 42,HOR,,5.7,13,20,70,24,442,K0,1895,,A sp-bin.
20488,H 118,2 HYA,2,,,08 26.5,-03 59,HYA,,5.4,9.2,74.2,4,12,231,A5,1901,,H VI 118. Possible Delta Scuti-type var.
20489,HJ 4124,9 HYA,9,,,08 41.7,-15 56,HYA,,5,11.8,31,112,12,276,K0,1920,6937,
20490,BU 587,15 HYA,15,,,08 51.6,-07 10,HYA,AD,5.6,10.8,54,54,12,276/ 277,A2,1878,7050,A is a sp-bin- and one component is var. AC: H V 20.
20491,STF 1295,17 HYA,17,,,08 55.5,-07 57,HYA,,6.7,6.9,4.2,25,12,277,A3,1980,7093,Both components are metallic-line stars.
20492,B 2529,26 HYA,26,,,09 19.8,-11 58,HYA,,4.9,12.4,3.4,10,13-Dec,277/ 278,G5,1960,,1936-38 PA's 139~-122~. Dist 3.0''.Invisible 1948 (B).
20493,SHJ 105,27 HYA,27,,,09 20.5,-09 33,HYA,AB,5,6.9,231.8,211,13-Dec,277/ 278,G5,1823,7311,
20494,S 579,31 HYA,31,,,08 43.7,-07 13,HYA,AB,4.7,8.8,78.9,310,12,276,G0,1925,,Y/B
20495,H 97,54 HYA,54,,,14 46.0,-25 26,HYA,,5.2,7.2,8.4,125,21,333,F1,1975,9375,H III 97.
20496,BU 239,59 HYA,59,,,14 58.6,-27 39,HYA,,6.3,6.6,0.6,348,21,333,A5,1980,9453,Orbit calc'd
20497,H 111,ALPHA HYA,ALPHA,,,09 27.6,-08 40,HYA,AB,2.2,9.7,283.1,153,13-Dec,278,K2,1841,,
20498,HJ 4478,BETA HYA,BETA,,,11 53.0,-33 54,HYA,,4.8,5.6,0.8,24,20,368,B9,1983,,A is an Alpha CVn-type var.
20499,,DELTA HYA,DELTA,,,08 37.7, 05 42,HYA,,4.2,10.4,243.7,312,12,186/ 231,A0,1879,,A sp-bin.
20500,STF 1273,EPSILON HYA,EPSILON,,,08 46.8, 06 25,HYA,ABXC,3.5,6.8,3.2,281,12,186/ 187,,1976,S 699,Y/BG
20501,,GAMMA HYA,GAMMA,,,13 18.9,-23 09,HYA,,3.3,10,138.4,95,21,330,G6,1879,,
20502,BU 593,LAMBDA HYA,LAMBDA,,,10 10.6,-12 21,HYA,AC,3.8,11.5,112.2,167,13,279,K0,1921,7671,A is a sp-bin.
20503,H 96,N HYA,N,,,11 32.3,-29 16,HYA,,5.8,5.9,9.3,210,20,327/ 367,F6,1800,8202,H III 96.
20504,AGC 3,RHO HYA,RHO,,,08 48.4, 05 49,HYA,,4.4,11.9,12.4,145,12,186/187/231/232,A0,1878,7006,A is a sp-bin.
20505,HJ 1167,TAU HYA 1,TAU,,,09 29.1,-02 46,HYA,,4.9,7.9,65.7,3,13-Dec,233,F5,1821,,
20506,HJ 2489,THETA HYA,THETA,,,09 14.4, 02 19,HYA,AB,3.8,9.8,27.1,212,13-Dec,232,A0,1962,7253,Optical. A is a sp-bin.
20507,HJ 4449,XI HYA,XI,,,11 33.0,-31 51,HYA,,3.7,10.7,68,150,20,367,G7,1919,,
20508,HJ 3467,TAU HYI 1,TAU,,,01 41.3,-79 08,HYI,,6.2,12.2,16,349,24,461,K0,1918,,
20509,HJ 5209,ALPHA IND,ALPHA,,,20 37.5,-47 17,IND,AB,3.2,12,66,199,23,412,G2,1896,,
20510,B 2487,BETA IND,BETA,,,20 54.8,-58 27,IND,,3.7,12.5,17.3,104,26,437,K2,1945,,
20511,HJ 5258,THETA IND,THETA,,,21 19.8,-53 26,IND,,4.7,7.2,6.3,271,26,437,A5,1975,,
20512,HJ 1755,2 LAC,2,,,22 21.0, 46 32,LAC,,4.7,10.9,48.2,7,9,87,B5,1879,15862,A is a sp-bin.
20513,STF 2922,8 LAC,8,,,22 35.8, 39 38,LAC,AB,6.8,6.6,22.4,185,9,87/ 123,B3,1831,16095,
20514,S 813,10 LAC,10,,,22 39.3, 39 03,LAC,,4.9,8.4,62.3,49,9,87/ 123,O5,1825,16148,
20515,STT 479,13 LAC,13,,,22 44.1, 41 48,LAC,,5.2,10.6,14.6,129,9,87/ 88,K0,1849,16227,
20516,BU 451,15 LAC,15,,,22 52.0, 43 17,LAC,AB,5.2,12.2,25.7,144,9,87/ 88,K5,1958,16325,
20517,BU 703,ALPHA LAC,ALPHA,,,22 31.3, 50 16,LAC,,3.8,11.8,36.3,294,3,57/ 58/ 87,A0,1925,16021,Optical.
20518,S 815,DD LAC,DD,,,22 41.5, 40 13,LAC,,5.2,9.2,69,16,9,87,B2,1825,,A is the Beta CMa-type var DD Lac.
20519,STF 2960,EN LAC,EN,,,22 56.4, 41 36,LAC,AB,5.5,11.5,27.5,344,9,88,B3,1831,16381,A is a Beta CMa-type var
20520,V350 LAC,V350 LAC,V350,,,22 30.1, 49 21,LAC,,6.5,9.7,66,91,9,57/ 58/ 87,K0,1959,,A is an ecl-bin. B is optical.
20521,H 47,3 LEO,3,,,09 28.5, 08 10,LEO,,5.9,10.6,25.2,80,13-Dec,188,K0,1958,7391,H IV 47.
20522,SHJ 107,6 LEO,6,,,09 32.0, 09 42,LEO,,5.4,8.4,37.3,75,13-Dec,188,K0,1973,7416,A is a sp-bin. Y/B
20523,H 58,7 LEO,7,,,09 35.9, 14 23,LEO,,6.2,10,41.2,80,13-Dec,188,A0,1800,7448,
20524,KUI 44,20 LEO,20,,,09 49.8, 21 11,LEO,,6.6,6.9,0.2,209,6,143/ 144,F0,1981,,B is a Delta Scuti var- DG Leo. A is a sp-bin.
20525,STT 523,39 LEO,39,,,10 17.3, 23 06,LEO,,5.8,11.4,7.6,299,6,144,F5,1851,7712,Mt. Wilson spectral types are F1s and dM1.
20526,HJ 832,45 LEO,45,,,10 27.7, 09 45,LEO,,5.9,10.9,37.2,132,13,189/ 190,A0,1904,7781,A is an Alpha CVn-type var- CX Leo- and a sp-bin.
20527,STF 1450,49 LEO,49,,,10 35.1, 08 39,LEO,,5.8,8.5,2.2,157,13,190,A0,1975,7837,A is the Algol-type system TX Leo.
20528,STF 1487,54 LEO,54,,,10 55.6, 24 45,LEO,,4.5,6.3,6.5,110,6,145/ 146,A0,1973,7979,B is a sp-bin.  W/B
20529,BU 598,59 LEO,59,,,11 00.8, 06 05,LEO,,5.1,12.6,44.8,220,13,191,A5,1919,8019,
20530,HJ 4433,81 LEO,81,,,11 25.6, 16 27,LEO,,5.6,9.2,55.7,351,13,146/147/191/192,F2,1924,,
20531,STF 1540,83 LEO,83,,,11 26.8, 03 00,LEO,AB,6.2,7.9,28.5,150,13,236/ 237,K0,1820,8162,
20532,STF 1547,88 LEO,88,,,11 31.8, 14 21,LEO,,6.4,8.4,15.5,329,13,191/ 192,G0,1978,8196,Y/B
20533,STF 1552,90 LEO,90,,,11 34.7, 16 47,LEO,AB,6.1,7.4,3.4,208,13,147/ 192,B3,1829,8220,B is a sp-bin.  W/B
20534,STF 7,93 LEO,93,,,11 48.0, 20 12,LEO,,4.5,9.6,74.3,355,6,147,F8,1836,,STF 7- App II. A is a sp-bin and light var.
20535,STF 6,ALPHA LEO,ALPHA,,,10 08.4, 11 57,LEO,AB,1.3,7.6,177.6,307,13,189,B8,1836,7654,STF 6- App II.  REGULUS.
20536,STF 1503,AM LEO,AM,,,11 02.2, 09 53,LEO,,9,10.2,11.5,270,13,191,F8,1828,8024,A is the W UMa-type system
20537,KUI 54,CHI LEO,CHI,,,11 05.1, 07 20,LEO,AB,4.7,11,3.6,268,13,191,F0,1979,,
20538,BU 1282,DELTA LEO,DELTA,,,11 14.1, 20 31,LEO,AB,2.6,8.6,191.4,344,6,146,A3,1899,,Variable?
20539,STF 1424,GAMMA LEO,GAMMA,,,10 20.0, 19 50,LEO,AB,2.6,3.8,4.5,123,13,144/ 145,K0,1977,7724,AB: Premature orbits calc'd. Y/B
20540,STF 1536,IOTA LEO,IOTA,,,11 23.9, 10 32,LEO,,4.1,7.3,1.3,141,13,191,F5,1982,8148,P = 192 yr.- a = 1.92''- motion retrograde.
20541,BU 105,KAPPA LEO,KAPPA,,,09 24.6, 26 11,LEO,AB,4.6,10.4,2.4,211,6,143,K0,1975,7351,Y/B
20542,H 76,OMICRON LEO,OMICRON,,,09 41.2, 09 53,LEO,APxB,3.5,9.9,85.4,44,13-Dec,188,,1919,7480,
20543,SHJ 121,PHI LEO,PHI,,,11 16.7,-03 39,LEO,,4.6,9.3,96.9,289,13,236,A5,1923,,
20544,,PSI LEO,PSI,,,09 43.7, 14 00,LEO,,5.6,10.9,281.8,138,13-Dec,188,M,1909,,
20545,STF 19,TAU LEO,TAU,,,11 27.8, 02 53,LEO,AB,5.2,8.1,91.1,176,13,236/ 237,K0,1932,,
20546,STF 18,ZETA LEO,ZETA,,,10 16.6, 23 26,LEO,,3.6,5.9,325.9,340,6,144,F0,1925,,STF 18- App I. A sp-bin.
20547,HJ 3766,ALPHA LEP,ALPHA,,,05 32.7,-17 49,LEP,AB,2.7,11.2,36.2,156,11,270/ 271,F0,1877,4146,Y/W
20548,BU 320,BETA LEP,BETA,,,05 28.3,-20 45,LEP,AB,3,7.5,2.3,346,11,315,G0,1977,4066,
20549,H 40,GAMMA LEP,GAMMA,,,05 44.5,-22 26,LEP,AB,3.8,6.4,96.7,350,19,316,F8,1825,4334,AB: H VI 40. BC: H V 50. Y/R
20550,STF 655,IOTA LEP,IOTA,,,05 12.3,-11 51,LEP,,4.5,10.8,12.7,337,11,270,B8,1829,3778,
20551,STF 661,KAPPA LEP,KAPPA,,,05 13.2,-12 56,LEP,,4.5,7.4,2.3,357,11,270,B8,1959,3800,Y/B
20552,HLD 20,5 LIB,5,,,14 45.9,-15 27,LIB,,6.6,11.3,2.8,248,14,288,K0,1881,9376,
20553,STF 1894,18 LIB,18,,,14 58.9,-11 08,LIB,AB,6,10.2,19.7,39,14,288,K0,1831,9456,
20554,H 28,33 LIB,33,,,14 57.3,-21 22,LIB,AB,5.9,8.2,23.3,304,21,333,K5,1979,,Y/Y
20555,,49 LIB,49,,,16 00.4,-16 31,LIB,,5.5,11.1,155.1,306,15,290,F8,1907,,A is a long-period sp-bin.
20556,SHJ 186,ALPHA LIB,ALPHA,,,14 50.8,-16 01,LIB,,2.9,5.3,231,314,14,288,A2,1823,,A is a sp-bin.
20557,,GAMMA LIB,GAMMA,,,15 35.5,-14 47,LIB,AB,4,11.2,41.7,153,14/ 15,289,K0,1878,9704,AP: Uncertain duplicity.
20558,H 44,IOTA LIB,IOTA,,,15 12.3,-19 47,LIB,APxB,4.7,9.4,57.8,111,14/ 15,333/ 334,A0,1800,9532,H VI 44.  Y/R/RP
20559,,KAPPA LIB,KAPPA,,,15 42.0,-19 40,LIB,,5,10,172,279,14/ 15,334/ 335,M0,1886,,A has var velocity.
20560,BU 106,MU LIB,MU,,,14 49.3,-14 09,LIB,AB,5.8,6.7,1.9,335,14,288,A2,1875,9396,
20561,,OMICRON LIB,OMICRON,,,15 21.0,-15 32,LIB,,6.2,8.4,44.4,350,14/ 15,289,F5,1960,,
20562,I 1271,UPSILON LIB,UPSILON,,,15 37.1,-28 07,LIB,,3.8,10.8,3.3,162,21,334/ 373/ 374,K5,1925,9705,
20563,HJ 1166,7 LMI,7,,,09 30.7, 33 39,LMI,AB,6.1,9.4,62.8,130,6,103,K0,1876,,
20564,HJ 482,33 LMI,33,,,10 31.9, 32 23,LMI,,5.8,11.8,43.3,245,6,105,B9,1903,7813,
20565,BU 913,40 LMI,40,,,10 43.1, 26 19,LMI,AB,5.6,12.6,18.4,112,6,145,A2,1958,7899,
20566,RX LMI,RX LMI,RX,,,10 42.2, 31 41,LMI,,6.3,10.3,112.5,175,6,105,M,1970,,A is the semiregular var
20567,RMK 21,ETA LUP,ETA,,,16 00.1,-38 24,LUP,AB,3.6,7.8,15,20,22,374,B3,1834,,
20568,HJ 4786,GAMMA LUP,GAMMA,,,15 35.2,-41 10,LUP,,3.7,3.7,0.6,284,21,405/ 406,B3,1959,,P=147 yr- a=0.59''-motion retrograde-highly-incl orbit
20569,DUN 177,KAPPA LUP 1,KAPPA,,,15 12.0,-48 44,LUP,,4.1,6,26.6,144,21,405,B9,1826,,
20570,HJ 4753,MU LUP,MU,,,15 18.6,-47 52,LUP,AB,5.1,5.2,1.3,136,21,405,B8,1965,,
20571,HDO 250,OMEGA LUP,OMEGA,,,15 38.1,-42 33,LUP,,4.3,11,11.8,28,21,405/ 406,M0,1897,,Var velocity.
20572,HJ 4728,PI LUP,PI,,,15 05.1,-47 03,LUP,,4.7,4.8,1.6,72,21,405,B5,1978,,Both components are sp-bin.
20573,DUN 160,TAU LUP 1,TAU,,,14 26.1,-45 13,LUP,,4.6,9.3,158.2,204,21,404,B3,1913,,Var.
20574,,XI LUP 1,XI,,,15 56.9,-33 57,LUP,,5.3,5.8,10.4,49,21,374,A0,1826,,B is Xi (2) Lup.
20575,DUN 176,ZETA LUP,ZETA,,,15 12.3,-52 05,LUP,,3.5,7.1,71.9,249,25,431,G5,1826,,
20576,S 514,5 LYN,5,,,06 26.8, 58 24,LYN,AB,5.5,10,31.4,139,1,41,K2,1879,5036,A is a sp-bin.
20577,,6 LYN,6,,,06 30.7, 58 10,LYN,,6.1,9.1,179.6,116,1,41/ 42,G5,1908,,
20578,,8 LYN,8,,,06 37.8, 61 29,LYN,AB,6.1,9.1,157,80,1,20/ 21/ 42,G0,1909,,
20579,STF 948,12 LYN,12,,,06 46.2, 59 26,LYN,AB,5.3,6.2,1.7,81,1,42,A2,1981,5400,Orbit calc'd.
20580,STT 159,15 LYN,15,,,06 57.3, 58 25,LYN,AC,4.5,12.4,29,346,1,42,G0,1924,5586,
20581,STF 1062,19 LYN,19,,,07 22.9, 55 16,LYN,AB,5.6,6.5,15,315,1,42,B8,1829,6012,Both components appear to be sp-bin.
20582,,22 LYN,22,,,07 29.9, 49 39,LYN,AB,5.4,10.2,169.3,304,5,42/ 43/ 68,F5,1888,,
20583,HJ 2405,24 LYN,24,,,07 43.1, 58 43,LYN,,5,9.5,54.7,320,1,43,A2,1901,6285,
20584,ES 70,27 LYN,27,,,08 08.4, 51 30,LYN,AB,4.9,12.9,45.6,266,2,43,A2,1901,6600,
20585,STF 1334,38 LYN,38,,,09 18.8, 36 48,LYN,AB,3.9,6.6,2.7,229,6,103,A2,1820,7292,G/B
20586,HJ 1362,16 LYR,16,,,19 01.4, 46 56,LYR,,5.1,10.6,43.7,281,8,83,A5,1925,11964,
20587,STF 2461,17 LYR,17,,,19 07.4, 32 30,LYR,AB,5,9.1,3.5,301,8,118,F0,1963,12061,A is a sp-bin.
20588,H 39,ALPHA LYR,ALPHA,,,18 37.0, 38 46,LYR,AB,0,9.5,62.8,173,8,82/ 117,A0,1946,11510,AB: H V 39. STF 9- App II.
20589,,BETA LYR,BETA,,,18 50.0, 33 24,LYR,AB,3.5,7,47,149,8,117,B8,1835,11745,
20590,ES 2028,DELTA LYR 2,DELTA,,,18 53.8, 36 52,LYR,AB,4.5,11.2,86.2,349,8,117,M,1923,11825,A is an unclassified var.
20591,STF 2382,EPSLN LYR 1,EPSLN,,,18 44.3, 39 40,LYR,AB,5.1,6.1,2.6,356,8,82/ 83/ 117,A3,1981,11635,4 Lyr.  AB: Orbit calc'd
20592,S 2487,ETA LYR,ETA,,,19 13.7, 39 12,LYR,AB,4,8,28,83,8,83/ 118,B3,1830,12197,
20593,AGC 9,GAMMA LYR,GAMMA,,,18 58.9, 32 41,LYR,AB,3.3,12.1,13.4,304,8,117/ 118,A0,1958,11908,Var?
20594,H 40,NU LYR 1,NU,,,18 49.7, 32 48,LYR,AB,5.8,11.3,34.8,73,8,117,B2,1924,11732,H V 40. A is a Beta Lyrae-type system.
20595,SHJ 292,THETA LYR,THETA,,,19 16.4, 38 07,LYR,AB,4.5,9.2,99.8,74,8,83/ 118,K0,1879,,
20596,BU 968,ZETA LYR 1,ZETA,,,18 44.7, 37 36,LYR,AE,4.3,11.5,61.8,301,8,117,A3,1960,11639,A is a sp-bin.  BW/G
20597,HJ 5224,ALPHA MIC,ALPHA,,,20 49.9,-33 46,MIC,,5,10,20.5,166,23,381,G6,1835,,
20598,SEE 437,ETA MIC,ETA,,,21 06.4,-41 23,MIC,AC,5.6,8.4,132.9,88,23,412,,1879,,
20599,BU 766,THETA MIC 2,THETA,,,21 24.4,-41 00,MIC,AB,6.4,7,0.3,247,23,413,A0,1982,,
20600,B 16,3 MON,3,,,06 01.8,-10 36,MON,AB,5,8.5,1.8,354,12-Nov,271,B8,1872,S 461,
20601,,10 MON,10,,,06 27.9,-04 45,MON,AB,5,9.2,77.2,256,12-Nov,227,B3,1879,,
20602,STF 938,14 MON,14,,,06 34.8, 07 34,MON,,6.4,10.6,10.5,209,12-Nov,182,A0,1831,5211,
20603,,20 MON,20,,,07 10.2,-04 14,MON,AB,5,12,54.7,238,12,228/ 229,K0,1909,,
20604,BU 1268,24 MON,24,,,07 15.3,-00 09,MON,,6.5,12.3,3.8,311,12,228/ 229,G5,1892,5933,
20605,,25 MON,25,,,07 37.3,-04 06,MON,AC,5.2,10.5,121.7,350,12,229,F5,1909,,A var?
20606,STF 919,BETA MON,BETA,,,06 28.8,-07 01,MON,AB,4.7,5.2,7.2,132,12-Nov,272,B2,1831,5107,A is a long-period sp-bin. W/W/W
20607,J 58,DELTA MON,DELTA,,,07 11.9,-00 30,MON,,4.1,13,32,170,12,228/ 229,A0,1910,5864,
20608,STF 900,EPSILON MON,EPSILON,,,06 23.8, 04 35,MON,AB,4.5,6.5,12.9,27,12-Nov,227,A5,1831,5012,A is a sp-bin.  R/G
20609,STF 950,S MON,S,,,06 41.0, 09 53,MON,AB,4.8,7.6,2.9,213,12-Nov,182/ 183,O5,1967,5322,A is the irregular var.
20610,D 12,V569 MON,V569,,,07 05.8,-10 39,MON,AB,6.4,10.3,6.2,281,12,273,B3,1870,5782,A is a Beta CMa-type var.
20611,STF 1190,ZETA MON,ZETA,,,08 08.6,-02 59,MON,AB,4.4,10.1,32.6,105,12,230,G0,1827,6617,
20612,DON 541,ALPHA MUS,ALPHA,,,12 37.2,-69 08,MUS,,2.9,13,29.6,316,25,450/ 451,B5,1932,,Variable.
20613,R 207,BETA MUS,BETA,,,12 46.3,-68 05,MUS,,3.9,4.2,1.4,30,25,451,B3,1980,,P = 383 yr.- a = 1.74''- motion direct.
20614,DUN 131,ETA MUS,ETA,,,13 15.3,-67 53,MUS,,5,8.2,60,332,25,451,B8,1826,,The primary is a sp-bin and a possible ecl-bin.
20615,HJ 4471,LAMBDA MUS,LAMBDA,,,11 45.6,-66 43,MUS,,3.8,12.8,40.6,275,25,450,A5,1918,,
20616,RMK 16,THETA MUS,THETA,,,13 08.2,-65 18,MUS,,5.9,7.5,5.3,187,25,451,B0,1826,,Wolf-Rayet binary.
20617,HDO 215,ZETA MUS 2,ZETA,,,12 22.2,-67 31,MUS,,5.3,10.7,32.4,130,25,450,A5,1900,,
20618,HJ 4853,EPSILON NOR,EPSILON,,,16 27.1,-47 33,NOR,,4.8,7.5,22.8,335,22,406/ 407,B5,1836,,The primary is a sp-bin.
20619,HJ 4841,GAMMA NOR 2,GAMMA,,,16 19.9,-50 09,NOR,,4.1,10.1,44.9,12,22,406/ 432,G8,1959,,
20620,HDO 254,KAPPA NOR,KAPPA,,,16 13.5,-54 37,NOR,,5.1,13,14.9,207,26,432,G4,1962,,
20621,SEE 271,LAMBDA NOR,LAMBDA,,,16 19.3,-42 40,NOR,,6,6.8,0.3,150,22,406,A2,1897,,Direct motion. Half a revolution.
20622,RST 2819,IOTA OCT,IOTA,,,12 54.9,-85 07,OCT,,5.9,6.4,0.6,241,25,466/ 472,K0,1935,,
20623,HJ 5278,LAMBDA OCT,LAMBDA,,,21 50.8,-82 43,OCT,,5.5,7.8,2.8,68,26,471,G0,1955,,
20624,DUN 232,MU OCT 2,MU,,,20 41.6,-75 21,OCT,,7.1,7.6,17,18,26,470,G5,1960,,
20625,STF 2096,19 OPH,19,,,16 47.1, 02 04,OPH,AB,6.1,9.4,23.4,89,15,246/ 247,A2,1969,10207,A is a sp-bin
20626,BU 1117,24 OPH,24,,,16 56.8,-23 08,OPH,,6.2,6.5,1,299,22,337,A0,1981,10265,
20627,,30 OPH,30,,,17 01.0,-04 12,OPH,,5,9.8,94.1,69,15,247,K0,1919,,
20628,SHJ 243,36 OPH,36,,,17 15.4,-26 33,OPH,AB,5.3,5.3,4.6,154,22,337,K0,1979,10417,Orbit calc'd A may be a sp-bin.  Y/R
20629,STF 34,53 OPH,53,,,17 34.6, 09 35,OPH,AB,5.8,8.5,41.3,191,15,203,A2,1835,10635,
20630,STF 2184,54 OPH,54,,,17 34.4, 13 09,OPH,AB,6.7,11.6,22.3,70,15,203,G5,1963,10633,Y/O
20631,STF 2202,61 OPH,61,,,17 44.6, 02 34,OPH,AB,6.2,6.6,20.6,93,15,248,A0,1821,10750,A is a sp-bin
20632,STF 2272,70 OPH,70,,,18 05.4, 02 32,OPH,AP,4.1,13,34.9,282,15/ 16,249,K0,1947,11046,AB: P=88.1 yr.- a=4.54''-motion retrograde.  Y/RO
20633,STF 2281,73 OPH,73,,,18 09.6, 04 00,OPH,AC,5.7,12.6,67.9,193,15/ 16,249,F2,1960,11111,P = 270 yr.- a = 1.16''- motion retrograde.
20634,HJ 5495,74 OPH,74,,,18 20.9, 03 22,OPH,AB,4.9,11.5,28.1,286,15/ 16,249/ 250,G5,1878,11271,
20635,EPS OPH,EPSILON OPH,EPSILON,,,16 18.3,-04 41,OPH,,3.3,12.4,110.6,246,15,245/ 246,K0,1913,,
20636,BU 1118,ETA OPH,ETA,,,17 10.3,-15 43,OPH,AC,2.6,12.2,97.9,145,15,292,A2,1960,10374,P=88 yr- a=0.86''-motion retrograde highly-incl orbit
20637,STF 2055,LAMBDA OPH,LAMBDA,,,16 30.9, 01 59,OPH,AD,3.8,9.8,313.8,246,15,246,A0,1918,10087,P = 130 yr.- a = 0.97''- motion direct.
20638,H 25,OMICRON OPH,OMICRON,,,17 18.0,-24 17,OPH,,5.4,6.9,10.2,355,22,337/ 338,K2,1800,10442,H III 25.  O/B
20639,BU 626,PHI OPH,PHI,,,16 31.1,-16 37,OPH,AB,4.4,12.9,34.4,37,15,291,K0,1916,10086,
20640,H 19,RHO OPH,RHO,,,16 25.6,-23 26,OPH,AB,5.2,5.9,3.1,342,22,336,B4,1975,10049,H II 19.
20641,STF 2262,TAU OPH,TAU,,,18 03.0,-08 11,OPH,AB,5.3,6,1.9,278,15/ 16,294,F0,1981,11005,P=280 yr.- a=1.49''-motion direct.
20642,DON 832,XI OPH,XI,,,17 21.0,-21 06,OPH,,4.5,9,3.9,44,22,337/ 338,F2,1966,,
20643,,13 ORI,13,,,05 07.7, 09 28,ORI,AB,6.3,10.1,124,264,11,179/ 180,G0,1909,,
20644,STT 98,14 ORI,14,,,05 07.8, 08 29,ORI,,5.9,6.7,0.7,18,11,179/ 180,F0,1980,3711,P=199 yr-a=1.04''-motion retrograde.CPM with ADS 3712
20645,,16 ORI,16,,,05 09.3, 09 49,ORI,AB,5.4,12.2,88.6,122,11,180,A2,1909,,A is a sp-bin.
20646,STF 696,23 ORI,23,,,05 22.9, 03 32,ORI,,5,7.1,31.9,29,11,225,B3,1973,3962,W/W
20647,STF 725,31 ORI,31,,,05 29.8,-01 03,ORI,,5,10.2,12.7,87,11,225,K5,1829,4097,A is the var CI Ori.
20648,STF 729,33 ORI,33,,,05 31.2, 03 18,ORI,AB,5.8,7.1,1.8,27,11,225,B3,1957,4123,
20649,STF 795,52 ORI,52,,,05 48.0, 06 27,ORI,,6.1,6.1,1.3,214,11,181,A3,1980,4390,One component is a sp-bin.
20650,H 100,59 ORI,59,,,05 58.4, 01 50,ORI,,6.1,9.7,36.7,204,11,226,A5,1878,4555,H V 100. A Delta Scuti var- V1004 Ori- and a sp-bin.
20651,KUI 22,60 ORI,60,,,05 58.8, 00 33,ORI,,5.2,11.8,19.1,30,11,226,A0,1958,,A is a sp-bin.
20652,H 72,68 ORI,68,,,06 12.0, 19 47,ORI,,5.8,9.3,89.4,206,12-Nov,136/ 137,B9,1976,,H VI 72.
20653,HJ 2302,71 ORI,71,,,06 14.9, 19 10,ORI,AB,5.2,11.2,25.4,202,12-Nov,137,F5,1886,4842,
20654,KUI 26,74 ORI,74,,,06 16.4, 12 16,ORI,AB,5.1,12.5,24,163,12-Nov,182,F5,1958,,
20655,H 39,ALPHA ORI,ALPHA,,,05 55.2, 07 24,ORI,AE,0.9,11,174.4,153,11,181,M,1917,4506,H VI 39. An irr var.
20656,STF 668,RIGEL,Beta,Rigel,,05 14.5,-08 12,ORI,AxBC,0.3,10.4,9.5,204,11,270,B8,1822,3823,Companion is a sp-bin. and susp visual double.  B/W
20657,STF 14,DELTA ORI,DELTA,,,05 32.0,-00 17,ORI,AC,2.5,6.6,52.5,,11,225/ 226,B0,1822,4134,W/B
20658,EPS ORI,EPSILON ORI,EPSILON,,,05 36.2,-01 12,ORI,,1.8,10.5,179.9,57,11,225/ 226,B0,1879,,
20659,DA 5,ETA ORI,ETA,,,05 24.4,-02 23,ORI,APxB,3.8,4.8,1.6,77,11,225,B1,1977,4002,W/W
20660,,GAMMA ORI,GAMMA,,,05 25.2, 06 20,ORI,,1.7,12.2,179,144,11,180,B2,1879,,
20661,STF 752,IOTA ORI,IOTA,,,05 35.4,-05 55,ORI,AB,2.9,7,11.4,141,11,225/ 226,O5,1831,4193,A is a sp-bin.
20662,STF 738,LAMBDA ORI,LAMBDA,,,05 35.1, 09 56,ORI,AB,3.7,5.6,4.4,43,11,180/ 181,O5,1821,4179,Y/R
20663,BU 553,OMCRN ORI 2,OMCRN,,,04 56.4, 13 31,ORI,AB,4.3,11.3,36.2,51,11,179,K0,1962,3540,Optical.
20664,,PI ORI 1,PI,,,04 54.9, 10 08,ORI,AB,4.7,8.9,171.6,248,11,179,A0,1887,,
20665,KNT 3,PSI ORI 2,PSI,,,05 26.8, 03 06,ORI,AB,4.7,10.3,2.7,323,11,225,B2,1864,4039,A is Beta CMa var and sp-bin.  Y/Y
20666,STF 654,RHO ORI,RHO,,,05 13.3, 02 52,ORI,AB,4.6,8.4,6.9,63,11,225,K0,1973,3797,A is a long-period sp-bin.  Y/B
20667,,S ORI,S,,,05 29.0,-04 41,ORI,,8,10.9,47.5,231,11,225,M,1976,,A is the Mira-type var
20668,BU 1032,SIGMA ORI,SIGMA,,,05 38.6,-02 35,ORI,AB,4,6,0.2,199,11,225/ 226,O9,1963,4241,
20669,STF 16,THETA ORI 2,THETA 2,,25,05 35.4,-05 25,ORI,AB,5.2,6.5,52.5,92,11,225/ 226,B1,1836,4188,AB: STF 16- App I. A is a sp-bin.
20670,J 2016,XI ORI,XI,,,06 12.0, 14 13,ORI,AB,4.4,13,40,185,12-Nov,181/ 182,B3,1942,,A is a sp-bin.
20671,STF 774,ZETA ORI,ZETA,,,05 40.7,-01 56,ORI,AB,2,4.2,2.6,162,11,226,B0,1822,4263,Orbit calc'd.
20672,HJ 5193,ALPHA PAV,ALPHA,,,20 25.7,-56 43,PAV,AB,2.1,9.2,245.4,84,26,436,B3,1879,,A is a sp-bin.
20673,HJ 5231,KZ PAV,KZ,,,20 58.7,-70 25,PAV,AB,8.1,8.7,7,116,26,457/ 458,F2,1836,,A is the Algol-type system
20674,HJ 5062,LAMBDA PAV,LAMBDA,,,18 52.3,-62 11,PAV,,4.4,12.4,63.1,206,26,435/ 456,B3,1917,,A is a Cepheid.
20675,GLE 2,XI PAV,XI,,,18 23.2,-61 29,PAV,,4.3,8.6,3.3,154,26,434/ 455,M1,1895,,A is a long-period sp-bin.
20676,HJ 5048,ZETA PAV,ZETA,,,18 43.1,-71 25,PAV,,4.1,12,55.6,356,26,456,K0,1917,,
20677,STF 11,1 PEG,1,,,21 22.1, 19 48,PEG,AB,4.3,8.4,36.2,311,16/ 17,165,K0,1835,14909,STF 11- App II.
20678,STF 56,3 PEG,3,,,21 37.8, 06 37,PEG,AB,6.3,8.6,39.2,349,16/ 17,210/ 211,A0,1834,15147,STF 56-App I.A is an occ-bin.ANOTHER PAIR IN FIELD
20679,HJ 941,4 PEG,4,,,21 38.5, 05 46,PEG,,5.8,11.8,27.2,335,16/ 17,210/211/255/256,F0,1910,15157,
20680,HJ 289,20 PEG,20,,,22 01.1, 13 06,PEG,,5.7,11.1,54.7,324,17,211,F2,1925,15543,
20681,HJ 962,30 PEG,30,,,22 20.4, 05 47,PEG,AB,5.4,10.7,6.2,19,17,212/ 257,B5,1867,15847,
20682,HO 615,32 PEG,32,,,22 21.3, 28 20,PEG,AB,4.9,9.2,71.2,127,9,122/ 123/ 167,B8,1893,15863,
20683,STF 2900,33 PEG,33,,,22 23.6, 20 51,PEG,AB,6.2,9.4,0.1,57,9,167,F5,1969,15896,
20684,BU 290,34 PEG,34,,,22 26.6, 04 23,PEG,AB,5.8,12.3,3.4,224,17,257,G0,1962,15935,
20685,,35 PEG,35,,,22 27.9, 04 42,PEG,AC,4.9,9.8,181.5,241,17,257,K0,1892,,Distances 101.5'' and 98.3''.
20686,STF 2982,57 PEG,57,,,23 09.5, 08 40,PEG,,5.4,10,33.3,198,17,213/ 214,M,1831,16550,A is an irregular var- GZ Peg.  Y/W
20687,,60 PEG,60,,,23 11.9, 26 51,PEG,AB,6.4,11.3,82.9,240,9,168/ 169,K0,1909,,
20688,BU 720,72 PEG,72,,,23 34.0, 31 20,PEG,,6,6,0.5,259,9,124,K2,1982,16836,P = 241 yr.- a = 0.45''- motion direct. Var?
20689,KUI 117,75 PEG,75,,,23 37.9, 18 24,PEG,,5.4,11.6,27.7,246,17,169,A0,1958,,A is a sp-bin.
20690,BU 733,85 PEG,85,,,00 02.0, 27 06,PEG,AC,5.9,8.6,75.5,330,4,89/ 125,G0,1932,17175,
20691,HJ 1842,BETA PEG,BETA,,,23 03.7, 28 04,PEG,AB,2.6,11.8,8.5,211,9,123/ 124/ 168,M,1924,16483,A is an irregular var.
20692,S 798,EPSILON PEG,EPSILON,,,21 44.2, 09 52,PEG,AB,2.5,11.3,83.1,324,16/ 17,211,K0,1960,15268,The primary of this optical pair is var.
20693,,ETA PEG,ETA,,,22 42.9, 30 18,PEG,,3,9,91,339,9,123,,,,BEST 600
20694,,GAMMA PEG,GAMMA,,,00 13.1, 15 11,PEG,AB,2.9,11.8,163.4,286,17-Oct,170/ 171,B2,1879,,Beta CMa var and sp-bin.
20695,,IOTA PEG,IOTA,,,22 06.9, 25 21,PEG,,4,11.4,3.7,220,9,166/ 167,F5,1907,,The primary is a sp-bin
20696,B 989,KAPPA PEG,KAPPA,,,21 44.7, 25 36,PEG,AB,4.5,10,14,292,9,166,F5,1880,15281,
20697,,PI CEP 1,PI,,,22 09.2, 33 10,PEG,AB,5.6,11.9,27.7,323,9,122,K0,1934,15672,
20698,HJ 301,XI PEG,XI,,,22 46.7, 12 10,PEG,AB,4.3,12.3,11.5,100,17,213,F5,1975,16261,
20699,,ZETA PEG,ZETA,,,22 41.5, 10 50,PEG,,3.6,11.6,64.3,139,17,212/ 213,B8,1879,16182,
20700,BU 874,5 PER,5,,,02 11.5, 57 38,PER,,6.4,12.4,5.6,272,1,37,B3,1880,1685,
20701,BU 875,9 PER,9,,,02 22.4, 55 50,PER,,5.2,12,11.6,162,1,37,A2,1880,1802,var.
20702,STF 318,20 PER,20,,,02 53.7, 38 20,PER,AC,5.3,10,15,237,4,63/ 93,F0,1928,2200,
20703,STF 431,40 PER,40,,,03 42.3, 33 57,PER,,5,9.5,20,238,4,94/ 95,B2,1830,2699,A sp-bin.
20704,S 440,43 PER,43,,,03 56.6, 50 41,PER,AB,5.5,10.3,75.3,30,1,39/ 64,F5,1825,,A is a sp-bin.
20705,,54 PER,54,,,04 20.5, 34 34,PER,,5.1,13,110,313,5,95/ 96,G5,1913,,
20706,STT 81,56 PER,56,,,04 24.6, 33 57,PER,,5.9,8.7,4.3,21,5,96,F5,1977,3188,
20707,STT 71,AG PER,AG,,,04 06.9, 33 27,PER,AC,6.6,12.6,36,118,5,95,B3,1948,2990,A is an Algol-type ecl-bin.
20708,STF 471,EPSILON PER,EPSILON,,,03 57.8, 40 00,PER,AB,3,8.2,8.8,10,4,64/ 95,B1,1832,2888,A is a Beta Lyrae-type binary.  Y/GB- VIVID COLORS.
20709,STF 307,ETA PER,ETA,,,02 50.7, 55 53,PER,AB,3.9,7.9,28.3,301,1,38,K0,1836,2157,A is a sp-bin.  Y/B
20710,STT 68,IQ PER,IQ,,,03 59.7, 48 09,PER,AB,8.1,9.4,39.3,175,4,64,B9,1867,,STT 68 rej. A is an Algol-type binary.
20711,STF 410,IX PER,IX,,,03 35.0, 32 01,PER,,6.6,10.6,5.4,208,4,94,F0,1831,2622,
20712,STT 73,MU PER,MU,,,04 14.9, 48 24,PER,AB,4.3,11.8,14.8,349,5,64,G0,1851,3071,A is a Beta Lyrae-type system. H VI 20. SHJ 364.
20713,,NU PER,NU,,,03 45.2, 42 34,PER,,3.9,11.9,31.4,47,4,64,F5,1916,2738,
20714,,TAU PER,TAU,,,02 54.3, 52 46,PER,BC,10.6,11.7,3.5,87,1,38,,1925,2202,
20715,STF 296,THETA PER,THETA,,,02 44.2, 49 13,PER,AB,4.2,10,19.7,303,4,38/ 62/ 63,F8,1975,2081,Orbit calc'd.
20716,HO 503,V423 PER,V423,,,03 16.1, 34 41,PER,,6.4,11.9,29.3,92,4,94,A2,1963,2433,A sp-bin and ellipsoidal var
20717,STF 464,ZETA PER,ZETA,,,03 54.1, 31 52,PER,AB,2.9,9.5,12.8,208,4,95,B1,1830,2843,A is a sp-bin. W/W
20718,HJ 3391,ETA PHE,ETA,,,00 43.4,-57 28,PHE,,4.5,11.5,19.8,217,24,417,A0,1887,,
20719,B 603,IOTA PHE,IOTA,,,23 35.1,-42 36,PHE,,4.8,12.8,6.7,270,23,386/ 415,A2,1925,,A var of the Alpha CVn-type.
20720,DUN 251,THETA PHE,THETA,,,23 39.5,-46 38,PHE,,6.6,7.2,3.9,275,23,386/ 415,A3,1975,,
20721,HJ 3387,XI PHE,XI,,,00 41.7,-56 30,PHE,,5.8,10.2,13.2,253,24,417,F0,1886,,Var.
20722,RST 120,ETA PIC 1,ETA,,,05 02.8,-49 08,PIC,,5.4,13,10.6,198,19,392,F5,1949,,
20723,DUN 18,IOTA PIC,IOTA,,,04 50.9,-53 27,PIC,,5.6,6.4,12.5,58,24,421,F0,1826,,
20724,HJ 3874,PU PIC,PU,,,06 32.0,-58 45,PIC,,5.8,9,2.4,231,24,422/ 423,B9,1894,,
20725,I 345,THETA PIC,THETA,,,05 24.8,-52 18,PIC,AB,6.9,7.2,0.2,96,24,421,A0,1983,,A is a sp-bin.
20726,,BETA PSA,BETA,,,22 31.5,-32 21,PSA,,4.4,7.9,30.3,172,23,384,A0,1836,,YW/B
20727,HWE 91,DELTA PSA,DELTA,,,22 55.9,-32 32,PSA,,4.3,9.3,4.9,243,23,384,G3,1877,,
20728,BU 276,ETA PSA,ETA,,,22 00.8,-28 27,PSA,,5.8,6.8,1.9,115,23,346/ 383,B8,1876,15536,BW/BW
20729,HJ 5367,GAMMA PSA,GAMMA,,,22 52.6,-32 52,PSA,,4.6,8.1,4.2,260,23,384,A0,1835,,Var?
20730,I 1051,IOTA PSA,IOTA,,,21 44.9,-33 01,PSA,,4.4,11.4,20,290,23,383,A0,1800,,A is a sp-bin.
20731,S 835,20 PSC,20,,,23 47.9,-02 45,PSC,AB,5.6,10,172.7,285,17,215/ 259,K0,1824,,
20732,STF 5,34 PSC,34,,,00 10.0, 11 08,PSC,,5.5,10,7.7,160,17-Oct,170,B8,1830,122,
20733,STF 12,35 PSC,35,,,00 14.9, 08 49,PSC,,6.1,7.7,11.5,148,17-Oct,170/ 171,F0,1821,191,A is an Algol-type system- UU Psc.  W/P
20734,STF 27,42 PSC,42,,,00 22.4, 13 29,PSC,,6.4,10.3,28.8,324,17-Oct,171,K0,1963,303,Y/O.
20735,STF 36,51 PSC,51,,,00 32.4, 06 57,PSC,APxB,5.7,9.7,27.5,83,17-Oct,171,,1821,449,
20736,HJ 1982,52 PSC,52,,,00 32.6, 20 18,PSC,,5.5,11.7,49.6,300,4,126,G5,1963,452,
20737,,54 PSC,54,,,00 39.4, 21 16,PSC,,6.1,11,22,92,4,126,K0,1907,,Distances are 98.5'' and 122.0''.
20738,STF 46,55 PSC,55,,,00 40.0, 21 26,PSC,,5.7,8.4,6.6,194,4,126,K0,1965,558,Y/B
20739,,64 PSC,64,,,00 49.0, 16 56,PSC,AB,5.2,12.6,76.7,327,17-Oct,126/127/171/172,F5,1959,,A is a sp-bin.
20740,STF 61,65 PSC,65,,,00 49.9, 27 42,PSC,,6.3,6.3,4.6,296,4,90/ 126/ 127,F0,1970,683,
20741,HJ 1068,72 PSC,72,,,01 05.1, 14 56,PSC,,5.6,12.6,55.2,262,10,172,F2,1877,889,A is a sp-bin.
20742,STF 90,77 PSC,77,,,01 05.8, 04 55,PSC,AB,6.8,7.6,33,83,10,217,F2,1822,903,W/B
20743,,80 PSC,80,,,01 08.4, 05 40,PSC,AB,5.7,12.2,86.1,286,10,172/ 217,F0,1907,,
20744,HJ 2071,107 PSC,107,,,01 42.6, 20 17,PSC,AB,5.3,11.7,19,248,4,128,G5,1910,,Distances 65.2'' and 104.4''. An optical pair.
20745,STF 202,ALPHA PSC,ALPHA,,,02 02.1, 02 46,PSC,,4.3,5.2,1.9,283,10,219,A2,1982,1615,Both Alpha CVn vars.Orbit calc'd.A may be sp-bin.BW/BW
20746,,IOTA PSC,IOTA,,,23 39.9, 05 38,PSC,,4.3,13,69.9,294,17,214/ 259,F8,1909,,Optical.
20747,S 830,KAPPA PSC,KAPPA,,,23 26.9, 01 15,PSC,AB,4.9,11.9,163.4,344,17,259,A2,1921,,An optical pair.
20748,,MU PSC,MU,,,01 30.1, 06 08,PSC,AB,5.1,10.7,182.5,302,10,173,K2,1907,,
20749,STF 99,PHI PSC,PHI,,,01 13.7, 24 34,PSC,AB,4.6,10,7.9,227,4,127,K0,1832,995,A is a sp-bin.
20750,STF 88,PSI PSC 1,PSI,,3,01 05.7, 21 28,PSC,AB,5.6,5.8,30,159,4,127,A2,1821,899,W/W  NICE PR
20751,STF 100,ZETA PSC,ZETA,,,01 13.7, 07 34,PSC,AB,5.6,6.5,23,63,10,172,A5,1974,996,Both A and B are sp/occ bin. BC: Single 1914 1951.
20752,STF 1138,2 PUP,2,,,07 45.5,-14 41,PUP,AB,6.1,6.8,16.8,339,12,274/ 275,A0,1829,6348,B is the eclipsing binary.
20753,STF 1146,5 PUP,5,,,07 48.0,-12 11,PUP,,5.6,7.7,2,1,12,274/ 275,F5,1975,6381,
20754,BU 1064,19 PUP,19,,,08 11.3,-12 55,PUP,AB,4.7,11.2,2.1,247,12,275,K0,1889,6647,
20755,H 27,KAPPA PUP,KAPPA,,,07 38.8,-26 47,PUP,AB,4.5,4.7,9.9,318,19,319,B5,1826,6255,HIII 27.Both components suspected var. In NGC 2422(oc)
20756,HJ 4093,NO PUP,NO,,,08 26.3,-39 03,PUP,AxBC,6.7,7.3,8.1,124,20,363/ 396/ 397,A0,1847,,A is the Algol-type system
20757,JC 10,NV PUP,NV,,,07 18.3,-36 43,PUP,AB,4.7,5.1,239.9,97,19,361,B3,1846,,A is the var.
20758,SEE 86,OMICRON PUP,OMICRON,,,07 48.1,-25 55,PUP,,4.6,12.6,27,198,19,320,B2,1897,6384,A is probably variable.
20759,DUN 67,OS PUP,OS,,,08 14.0,-36 19,PUP,,5.1,6,67.4,175,20,362,B3,1837,,Variable.
20760,HJ 3982,P PUP,P,,,07 35.4,-28 22,PUP,AB,4.6,9.3,38.4,156,19,319/ 361,,1920,6205,
20761,DUN 43,PI PUP,PI,,,07 17.1,-37 05,PUP,,2.7,8,69.2,213,19,361,K5,1826,,
20762,JSP 167,PS PUP,PS,,,07 31.7,-35 52,PUP,AB,6.6,11,91.5,345,19,361,A0,1929,,A is a sp-bin.
20763,DUN 51,SIGMA PUP,SIGMA,,,07 29.3,-43 18,PUP,,3.3,9.4,22.3,74,19,395,M0,1836,,A is a sp-bin. O/W
20764,BU 1063,XI PUP,XI,,,07 49.3,-24 52,PUP,,3.5,13,4.9,190,19,320,G6,1889,6393,A is a sp-bin.
20765,RST 4894,BETA PYX,BETA,,,08 40.1,-35 18,PYX,,4,12.5,12.7,118,20,363,G5,1943,,A is a sp-bin.
20766,H 96,EPSILON PYX,EPSILON,,,09 09.9,-30 21,PYX,AxBC,5.6,9.9,17.7,147,20,364,A3,1883,,H N 96. A is a sp-bin.
20767,RST 2571,ETA PYX,ETA,,,08 37.9,-26 15,PYX,,5.2,13,16,97,20,321,A0,1933,,
20768,I 491,KAPPA PYX,KAPPA,,,09 08.1,-25 51,PYX,,4.8,10,2.1,263,20,322,M0,1911,7202,
20769,HJ 4120,ZETA PYX,ZETA,,,08 39.8,-29 33,PYX,,5,9.2,52.4,61,20,321/ 363,G4,1905,6923,
20770,HJ 3638,ALPHA RET,ALPHA,,,04 14.4,-62 28,RET,,3.4,12,48.5,354,24,420/ 443/ 444,G5,1917,,Possible sp-bin.
20771,LDS 104,BETA RET,BETA,,,03 44.1,-64 48,RET,,3.8,8,80,270,24,443,K0,1800,,A is a sp-bin. B has separation of 1480''.
20772,JSP 56,EPSILON RET,EPSILON,,,04 16.5,-59 17,RET,,4.4,12.5,13.7,35,24,420,K2,1930,,
20773,HJ 3580,KAPPA RET,KAPPA,,,03 29.3,-62 56,RET,,4.8,10.4,54.1,125,24,419/ 420/ 443,F5,1916,,
20774,RMK 3,THETA RET,THETA,,,04 17.7,-63 15,RET,,6.2,8.2,4,4,24,444,B9,1963,,
20775,BU 1013,DELTA SCL,DELTA,,,23 48.9,-28 07,SCL,AB,4.6,11.6,3.8,250,23,305/ 350,A0,1964,17021,
20776,HJ 3461,EPSILON SCL,EPSILON,,,01 45.7,-25 02,SCL,AB,5.5,8.3,4.7,26,18,308,F0,1836,1394,Orbit calc'd.
20777,BU 391,KAPPA SCL 1,KAPPA,,,00 09.4,-28 00,SCL,AB,6.2,6.3,1.6,260,18,305/ 350,F2,1982,111,
20778,HDO 182,LAMDA SCL 1,LAMDA,,,00 42.7,-38 28,SCL,,6.7,7,0.8,10,18,351,A0,1982,,
20779,HJ 3447,TAU SCL,TAU,,,01 36.1,-29 54,SCL,,6,7.1,1,141,18,308/ 352/ 353,F0,1982,,Orbit calc'd.
20780,B 631,ZETA SCL,ZETA,,,00 02.3,-29 43,SCL,,5,13,3,320,18,305/ 350,B7,1800,,A very faint companion. A is a sp-bin.
20781,BU 36,2 SCO,2,,,15 53.6,-25 19,SCO,,4.7,7.4,2.3,273,21,335,B3,1962,9823,
20782,BU 39,11 SCO,11,,,16 07.6,-12 45,SCO,,5.6,9.9,3.2,257,15,290,A0,1875,9924,
20783,HJ 4839,12 SCO,12,,,16 12.3,-28 24,SCO,,5.9,7.9,3.8,72,22,335/ 336/ 374,B9,1975,9953,
20784,,ALPHA SCO,ALPHA,,,16 29.4,-26 26,SCO,,1.2,5.4,2.9,275,22,336,M1,1959,10074,ANTARES.  R/G- DIFFICULT SPLIT
20785,H 7,BETA SCO,BETA,,,16 05.4,-19 48,SCO,AC,2.9,6.9,13.6,21,15,335,B1,1823,9913,B/W
20786,HDO 279,IOTA SCO 2,IOTA,,,17 50.2,-40 04,SCO,,4.9,11,32.6,37,22,377/ 408,A3,1900,,
20787,H 6,NU SCO,NU,,,16 12.0,-19 27,SCO,AC,4.4,6.5,41.2,337,15,335/ 336,B3,1821,9951,Y/O
20788,BU 622,PI SCO,PI,,,15 58.9,-26 07,SCO,,3,12.2,50.2,131,21,335,B3,1878,9862,A is a sp/occ bin.
20789,SEE 251,RHO SCO,RHO,,,15 56.9,-29 12,SCO,,4,12.8,38.3,97,21,335/ 374,B4,1897,9846,
20790,H 121,SIGMA SCO,SIGMA,,,16 21.2,-25 35,SCO,APxB,2.9,8.7,20,273,22,336,,1959,10009,
20791,JSP 748,V453 SCO,V453,,,17 56.2,-32 29,SCO,,6.6,12.4,13.5,168,22,377,B1,1928,,A is the eclipsing binary.
20792,B 1871,V906 SCO,V906,,,17 53.9,-34 45,SCO,,6.5,7.3,0.3,276,22,377,B9,1929,,One component is a Beta Lyrae-type system.
20793,HJ 4926,V915 SCO,V915,,,17 14.4,-39 46,SCO,AB,6.3,10.5,14.4,334,22,376/ 407/ 408,K5,1896,,A is the var
20794,STF 1998,XI SCO,XI,,,16 04.4,-11 22,SCO,AC,4.9,7.2,7.6,50,15,290,F8,1975,9909,AB: P = 45.7 yr.- a = 0.72''- motion direct.  W/W
20795,RST 4594,DELTA SCT,DELTA,,,18 42.3,-09 03,SCT,AB,4.7,12.2,15.2,46,15/ 16,295,F0,1938,11581,Prototype of the Delta Scuti var.
20796,STF 1930,5 SER,5,,,15 19.3, 01 47,SER,AB,5.2,10.2,11.3,36,14/ 15,244,G0,1960,9584,See BDS & ADS for rectangular meas.Y/W.In field of M5
20797,BU 32,6 SER,6,,,15 21.1, 00 43,SER,,5.5,10.1,3.1,19,14/ 15,244,K0,1972,9596,Possibly var.
20798,,39 SER,39,,,15 53.2, 13 13,SER,,6.2,11.8,98.3,116,14/ 15,200,G0,1907,,Distances 106.4'' and 98.3''.
20799,STF 2316,59 SER,59,,,18 27.2, 00 11,SER,AB,5.4,7.7,3.8,320,15/ 16,249/ 250,A0,1822,11353,A is triple sp-bin-B may be sp-bin.A is var. Y/G
20800,HJ 1277,ALPHA SER,ALPHA,,,15 44.2, 06 25,SER,AB,2.8,11.8,58.2,350,14/ 15,199/ 200,K0,1911,9765,Var?
20801,STF 1970,BETA SER,BETA,,,15 46.2, 15 25,SER,AB,3.7,9.9,30.6,265,14/ 15,199/ 200,A2,1832,9778,
20802,STF 1954,DELTA SER,DELTA,,,15 34.8, 10 31,SER,AB,4.2,5.2,4,177,14/ 15,199,F0,1981,9701,Orbit calc'd. Primary is Delta Scuti-type var.W/W
20803,,ETA SER,ETA,,,18 21.3,-02 52,SER,,3.4,12.1,179.7,61,15/ 16,249/ 250,K0,1923,,STF 8- App II.
20804,BU 643,FR SER,FR,,,18 35.6, 04 55,SER,AB,6.7,12.5,10.5,330,15/ 16,250,A0,1924,11477,A is the Alpha CVn-type var.
20805,,GAMMA SER,GAMMA,,,15 56.4, 15 41,SER,AB,3.9,10.5,1.5,315,14/ 15,200,F5,1908,,Distances 139.2'' and 201.5''.
20806,SHJ 247,NU SER,NU,,,17 20.8,-12 50,SER,,4.4,8.4,46.3,28,15,292/ 293,A0,1959,10481,G/BW
20807,A 2230,PSI SER,PSI,,,15 44.0, 02 31,SER,AB,5.8,12,4.4,47,14/ 15,244/ 245,G5,1974,9763,
20808,STF 2417,THETA SER 1,THETA,,,18 56.2, 04 11,SER,AB,4.5,5.4,22.3,104,15/ 16,250/ 251,A5,1822,11853,YW/YW
20809,RST 5090,XI SER,XI,,,17 37.6,-15 23,SER,,3.6,13,24,79,15,293,A5,1943,,A is a sp-bin.
20810,S 605,9 SEX,9,,,09 54.0, 04 56,SEX,,7,9.2,52.5,290,13-Dec,233/ 234,K5,1825,,R/B
20811,STF 1466,35 SEX,35,,,10 43.4, 04 44,SEX,AB,6.3,7.4,6.8,240,13,235,K0,1822,7902,
20812,STF 1476,40 SEX,40,,,10 49.3,-04 01,SEX,,6.9,7.7,2.5,13,13,235,A2,1982,7936,
20813,HJ 838,41 SEX,41,,,10 50.3,-08 53,SEX,AB,5.8,11.5,27.3,303,13,280,A2,1878,7942,A is a sp-bin.
20814,STF 41,2 SGE,2,,,19 24.4, 16 55,SGE,,6,6.8,340.6,78,16,161/162/206/207,A0,1922,,STF 41- App I. A sp-bin.
20815,,13 SGE,13,,,20 00.0, 17 31,SGE,AC,6,11.5,47.1,116,16,162/163/207/208,,1924,13230,
20816,,15 SGE,15,,,20 04.1, 17 04,SGE,AC,5.9,6.8,203.7,320,16,163/ 208,G0,1918,,
20817,H 26,EPSILON SGE,EPSILON,,,19 37.3, 16 27,SGE,AB,5.7,8,88.8,82,16,162/ 207,K0,1800,12693,
20818,STF 2637,THETA SGE,THETA,,,20 09.9, 20 54,SGE,AB,6.4,8.9,12,329,9,163,F2,1959,13442,Optical.
20819,AGC 11,ZETA SGE,ZETA,,,19 49.1, 19 06,SGE,AB,5.5,9,8,311,16,162,A2,1878,12973,G/B
20820,HJ 5030,11 SGR,11,,,18 11.7,-23 41,SGR,,5.1,10.8,42.5,286,22,339,K0,1901,11133,
20821,BU 286,16 SGR,16,,,18 15.2,-20 23,SGR,,6,13,6,216,15/ 16,339,B1,1878,11191,A is a sp-bin.
20822,JC 6,21 SGR,21,,,18 25.4,-20 32,SGR,,5.1,7.6,1.7,288,15/ 16,339/ 340,K0,1963,11325,
20823,BU 1300,30 SGR,30,,,18 50.8,-22 10,SGR,,6.2,13,21.3,247,22,340,A6,1901,11731,
20824,BU 654,52 SGR,52,,,19 36.7,-24 52,SGR,,4.7,9.2,2.6,171,22,342,B9,1970,12654,Var?
20825,HJ 599,54 SGR,54,,,19 40.7,-16 17,SGR,AB,5.4,11.9,38,274,16,297,K0,1903,12767,Var- and A is an occultation double.  Y/B
20826,DUN 226,BETA SGR 1,BETA,,,19 22.6,-44 27,SGR,,4.3,7.4,28.3,77,22,410,B8,1835,,
20827,SEE 350,DELTA SGR,DELTA,,,18 21.0,-29 49,SGR,AD,2.8,13,58.1,221,22,339/340/377/378,,1896,,
20828,BU 760,ETA SGR,ETA,,,18 17.7,-36 44,SGR,AB,3.2,7.8,3.6,105,22,377/ 378,M4,1879,,A is an irregular var.
20829,BU 763,KAPPA SGR 2,KAPPA,,,20 23.9,-42 25,SGR,AB,6.1,7,0.5,254,23,411/ 412,A3,1982,,
20830,H 7,MU SGR,MU,,,18 13.8,-21 03,SGR,AB,4,11.5,16.9,258,22,339,B8,1836,11169,H V 7. A is Algol var and occ-bin.
20831,BU 1033,NU SGR 1,NU,,,18 54.1,-22 44,SGR,AB,5,10.8,2.5,97,22,340/ 341,K2,1888,11794,
20832,HJ 5036,RS SGR,RS,,,18 17.6,-34 05,SGR,CD,8.7,10.2,16.5,347,22,377/ 378,,1919,,A is the Algol-type system.
20833,,SIGMA SGR,SIGMA,,,18 55.3,-26 17,SGR,,2.1,9.5,309,244,22,340/ 341,B3,1837,,
20834,I 1410,THETA SGR 2,THETA,,,19 59.9,-34 41,SGR,AB,5.3,10.8,36.4,162,22,380,A3,1965,,A metallic-line star.
20835,BU 966,U SGR,U,,,18 31.9,-19 07,SGR,GT,8.4,9.1,61.5,63,15/ 16,340,,1890,11433,Cluster M 25. A is Cepheid.
20836,V3792SGR,V3792 SGR,V3792,,,18 08.9,-25 28,SGR,,6.4,8.4,13.3,64,22,339,B8,1877,11069,One component is a Beta Lyrae-type system.
20837,HJ 3251,19 TAU,19,,,03 45.3, 24 27,TAU,,4.4,8.1,68.9,329,4,132,B5,1925,,A is a sp/occ bin.
20838,HJ 2204,29 TAU,29,,,03 45.7, 06 02,TAU,,5.4,11.6,66.2,65,11-Oct,177,B3,1904,2750,A is a sp-bin.
20839,STF 452,30 TAU,30,,,03 48.3, 11 08,TAU,,5,10.1,9.2,59,11-Oct,177,B3,1830,2778,Y/B
20840,KUI 15,31 TAU,31,,,03 51.9, 06 33,TAU,,6.3,6.4,0.7,207,11-Oct,177,B9,1982,,
20841,BU 547,47 TAU,47,,,04 13.9, 09 16,TAU,AC,5,12,29.8,226,11,178,G5,1959,3072,
20842,STF 534,62 TAU,62,,,04 24.0, 24 18,TAU,AB,6.2,8.6,29.1,290,5,133,B8,1831,3179,
20843,STF 554,80 TAU,80,,,04 30.1, 15 38,TAU,,5.7,8,2,18,11,178/ 179,FO,1959,3264,In Hyades cluster
20844,SHJ 45,88 TAU,88,,,04 35.7, 10 09,TAU,,4.4,8.5,69.7,299,11,178/ 179,A3,1822,3317,A is an Alpha CVn-type var- and sp-bin.
20845,HJ 3261,96 TAU,96,,,04 49.7, 15 54,TAU,AB,6.3,11.3,29.3,57,11,179,G5,1878,3464,
20846,,97 TAU,97,,,04 51.3, 18 50,TAU,,5.1,10.4,175.8,303,11,134,F0,1909,,A is a Delta Scuti type var- V480 Tau.
20847,,98 TAU,98,,,04 58.1, 25 03,TAU,AC,5.6,9.9,94.6,289,5,134,B9,1912,3547,A is a sp-bin.
20848,BU 1045,99 TAU,99,,,04 57.9, 23 57,TAU,AB,6,12.3,6.2,6,5,134,K0,1889,3557,
20849,,104 TAU,104,,,05 08.1, 24 15,TAU,AB,5.5,12,13.3,150,5,135,B3,1878,3709,A is a sp/occ bin.
20850,S 466,105 TAU,105,,,05 07.9, 21 43,TAU,,6.1,9.1,111.5,251,5,134/ 135,B3,1825,,A is a sp/occ bin.
20851,S 478,111 TAU,111,,,05 24.4, 17 21,TAU,,5.2,9,85.7,271,11,135/ 180,G0,1825,,A is a sp-bin.
20852,HJ 365,114 TAU,114,,,05 27.6, 21 56,TAU,AB,4.8,10.9,37.8,348,5,135,B3,1877,4048,A is an occ-bin.
20853,STF 716,118 TAU,118,,,05 29.3, 25 08,TAU,AB,5.8,6.6,4.8,206,5,135,A0,1981,4068,
20854,BU 1007,126 TAU,126,,,05 41.3, 16 32,TAU,,5.6,5.8,0.3,238,11,136/ 181,B3,1881,4265,P = 95 yr.- a = 0.36''- motion direct.
20855,HJ 3279,133 TAU,133,,,05 47.7, 13 54,TAU,AB,5.2,12.2,17.8,298,11,181,B5,1877,4381,
20856,,134 TAU,134,,,05 49.5, 12 38,TAU,,4.9,10.3,18.9,129,11,181,B9,1909,,
20857,BU 1054,136 TAU,136,,,05 53.3, 27 36,TAU,,4.5,12,15,232,5,98/ 136,A0,1889,4474,A sp/occ bin.
20858,STF 2,ALPHA TAU,ALPHA,,,04 35.9, 16 31,TAU,AC,1.1,11.3,121.7,34,11,133/134/178/179,K5,1923,3321,ALDEBARAN.  O/BW
20859,STF 674,CD TAU,CD,,,05 17.4, 20 07,TAU,,6.9,9.9,10.2,148,5,135,F5,1828,3866,A is the Algol-type binary.
20860,STF 528,CHI TAU,CHI,,,04 22.6, 25 38,TAU,,5.5,7.6,19.5,25,5,133,B9,1822,3161,B/G
20861,STF 8,ETA TAU,ETA,,,03 47.4, 24 06,TAU,AB,3,8.1,117.2,289,4,132,B5,1836,,STF 8- App I. A is an occ-bin.
20862,STF 9,KAPPA TAU 1,KAPPA,,,04 25.3, 22 17,TAU,AB,4.4,5.4,339.5,173,5,133,A3,1836,,STF 9- App I. A is an occ-bin.
20863,SHJ 40,PHI TAU,PHI,,,04 20.4, 27 21,TAU,,5.1,8.5,49.6,254,5,95/ 96/ 133,K0,1973,3137,Optical. R/B.
20864,STF 11,SIGMA TAU 2,SIGMA,,,04 39.2, 15 54,TAU,,4.8,5.2,434.3,193,11,179,A3,1836,,STF 11- App I. B is a sp/occ bin. A is a sp-bin.
20865,STF 10,THETA TAU 2,THETA,,,04 28.6, 15 52,TAU,,3.6,4,337.4,346,11,178/ 179,F0,1836,,STF 10- App I. A sp/occ bin.
20866,STF 422,V711 TAU,V711,,,03 36.8, 00 35,TAU,,6.2,8.4,6.6,266,11-Oct,222,G0,1978,2644,Orbit calc'd. A is RS CVn var- and also a sp-bin. Y/B
20867,H 98,V774 TAU,V774,,,04 15.5, 06 11,TAU,AB,6.5,7.2,64.7,315,11,178,G0,1800,3085,H VI 98. B is a suspected var.
20868,HDO 286,EPSILON TEL,EPSILON,,,18 11.2,-45 56,TEL,,4.6,13,21.2,228,22,409,G5,1897,,
20869,R 274,DELTA TRA,DELTA,,,16 15.4,-63 41,TRA,,4,12,30,120,26,453/ 454,G0,1800,,
20870,DUN 188,EPSILON TRA,EPSILON,,,15 36.7,-66 19,TRA,,4.1,9.5,83.2,218,25,453,K0,1918,,
20871,DUN 201,IOTA TRA,IOTA,,,16 28.0,-64 03,TRA,,5.3,10.3,19.7,16,26,454,F3,1918,,A is a sp-bin.
20872,STF 227,6 TRI,6,,,02 12.4, 30 18,TRI,,5.2,6.6,3.9,71,4,92,G0,1973,1697,A is a sp-bin. A is a var- TZ Tri.- and sp-bin. Y/B
20873,HJ 1115,10 TRI,10,,,02 19.0, 28 38,TRI,,5.3,11.3,57.1,205,4,92/ 93/ 129,A2,1900,1770,
20874,,15 TRI,15,,,02 35.8, 34 41,TRI,,5.6,6.8,141.3,17,4,93,M,1906,,
20875,,ALPHA TRI,ALPHA,,,01 53.1, 29 35,TRI,AB,3.6,12.9,85,309,4,92,F5,1909,,A is a sp-bin.
20876,STF 201,EPSILON TRI,EPSILON,,,02 02.9, 33 16,TRI,,5.4,11.4,4,120,4,92,A2,1833,1621,
20877,HJ 5334,DELTA TUC,DELTA,,,22 27.3,-64 58,TUC,,4.8,9.3,6.9,282,26,459,B9,1836,,
20878,HJ 3423,KAPPA TUC,KAPPA,,,01 15.7,-68 52,TUC,AB,5.1,7.3,5.2,326,24,441,F8,1982,,Orbit calc'd.
20879,DUN 2,LAMDA TUC 1,LAMDA,,,00 52.4,-69 30,TUC,,6.6,8,20.6,81,24,441,F8,1968,,
20880,STF 1351,23 UMA,23,,,09 31.5, 63 03,UMA,AB,3.8,9,22.8,269,2,23,F0,1830,7402,The primary is a Delta Scuti-type var.
20881,KUI 43,28 UMA,28,,,09 46.0, 63 39,UMA,,6.5,11.7,6.3,27,2,23,F2,1935,,A is a sp-bin.
20882,HO 377,51 UMA,51,,,11 04.6, 38 14,UMA,AB,6.1,12.6,8.2,250,6,73/ 106,A2,1891,8046,
20883,STF 1543,57 UMA,57,,,11 29.1, 39 20,UMA,AB,5.4,8.4,5.5,358,6,73/ 106,A2,1973,8175,A is a sp-bin.
20884,,61 UMA,61,,,11 41.0, 34 12,UMA,,5.5,10.4,159.3,101,6,106/ 107,G5,1907,,
20885,,62 UMA,62,,,11 41.5, 31 44,UMA,,5.7,10,84.3,300,6,106/ 107,F5,1909,,Distances 105.8'' and 84.3''.
20886,STF 1579,65 UMA,65,,,11 55.1, 46 29,UMA,ABXC,6.7,8.3,3.7,38,6,74,,1969,8347,W/Y/W
20887,,67 UMA,67,,,12 02.1, 43 02,UMA,AB,5.1,6.8,310.5,52,7,74,A3,1909,,A is a Delta Scuti-type var- DP UMa.
20888,,DELTA UMA,DELTA,,,12 15.4, 57 01,UMA,AB,3.4,10,189.6,73,2,47,A2,1878,,
20889,HJ 2477,IOTA UMA,IOTA,,,08 59.3, 48 02,UMA,AB,3.9,9.5,4.5,24,6,70,A5,1971,7114,AXBC: Orbit calc'd. A is a Delta Scuti var and sp-bin.
20890,STF 1524,NU UMA,NU,,,11 18.5, 33 05,UMA,,3.7,10.1,7.3,147,6,106,K0,1830,8123,
20891,STF 1306,SIGMA UMA 2,SIGMA,,,09 10.4, 67 07,UMA,AB,5,8.2,3,3,2,23,F8,1981,7203,P = 1067 yr.- a = 6.20''- motion retrograde.
20892,H 73,TAU UMA,TAU,,,09 10.9, 63 30,UMA,,4.7,10.3,57.2,49,2,23,F5,1899,7211,H V 73. A is a sp-bin.
20893,STT 521,UPSILON UMA,UPSILON,,,09 51.1, 59 03,UMA,,3.9,11.5,11.3,295,2,45,F0,1855,7534,A is a Delta Scuti-type var.
20894,STF 1523,XI UMA,XI,,,11 18.2, 31 32,UMA,,4.3,4.8,3,129,6,106,G0,1977,S 811,Also 53 UMA
20895,STF 1744,ZETA UMA,ZETA,,,13 23.9, 54 55,UMA,,2.4,4,14.4,152,2,48,A2,1977,8891,A and B are both sp-bin. Mizar. W/YW
20896,STF 93,POLARIS,Alpha,Polaris,,02 30.9, 89 15,UMI,AB,2.1,9.1,18.4,216,1,1,F8,1973,1477,A Cepheid var and a sp-bin. Y/BW
20897,,BETA UMI,BETA,,,14 50.7, 74 09,UMI,,2.2,11.4,209.1,342,2,10,K5,1879,,
20898,HDO 143,EPSILON UMI,EPSILON,,,16 46.0, 82 02,UMI,,4.4,11.2,76.9,3,3,11,G5,1959,10242,A is an Algol-type system.
20899,STF 1972,PI UMI,PI,,,15 29.4, 80 26,UMI,AB,6.9,7.8,31.3,80,2,11,G5,1968,9696,A is a sp-bin. Y/Y
20900,HJ 4161,F2 VEL,F2,,,08 58.9,-47 14,VEL,,5.2,11.2,24.2,338,20,397,F0,1929,,A is a Delta Scuti-type var.
20901,DUN 65,GAMMA VEL 2,GAMMA,,,08 09.6,-47 20,VEL,AB,2.2,4.5,41.2,220,20,396,O9,1826,,
20902,,HY VEL,HY,,,08 42.5,-53 06,VEL,AB,5,5.8,76.6,310,25,425,B5,1836,,A is a var.
20903,R 125,IM VEL,IM,,,09 36.4,-48 44,VEL,,6.6,9,3.2,183,20,398,F0,1880,,A is the var
20904,B 1658,IP VEL,IP,,,09 43.5,-51 13,VEL,,6.5,11.2,2.1,200,25,398/ 426,B8,1929,,A is the var
20905,R 155,MU VEL,MU,,,10 46.8,-49 25,VEL,,2.9,6.6,1.8,43,20,399/ 400,G5,1978,,P = 116 yr.- a = 1.44''- motion direct. A is a sp-bin.
20906,I 396,PSI VEL,PSI,,,09 56.9,-54 34,VEL,,3.7,12,37.2,8,25,426,B7,1901,,
20907,SHJ 131,4 VIR,4,,,11 47.9, 08 14,VIR,AB,5.2,12,150.2,357,13,192,A0,1960,,
20908,,16 VIR,16,,,12 20.3, 03 18,VIR,,5.1,11.6,132.2,4,13/ 14,238,K0,1925,,
20909,STF 1636,17 VIR,17,,,12 22.5, 05 18,VIR,,6.6,9.4,20.6,337,13/ 14,193/ 238,F8,1829,8531,B may be var. B/O
20910,BU 924,31 VIR,31,,,12 42.0, 06 48,VIR,,5.5,11.3,4,37,13/ 14,194,A0,1958,8633,
20911,,33 VIR,33,,,12 46.3, 09 33,VIR,,6,9.1,171.5,191,13/ 14,194,K0,1909,,
20912,,34 VIR,34,,,12 47.2, 11 57,VIR,,6.1,9.3,139.4,2,13/ 14,194,A3,1960,,
20913,STF 1704,44 VIR,44,,,12 59.7,-03 48,VIR,,5.9,11.1,20.9,54,13/ 14,239,A0,1830,8727,
20914,BU 929,48 VIR,48,,,13 03.9,-03 40,VIR,,7.1,7.4,0.7,202,14,239/ 240,F0,1981,8759,
20915,HJ 2645,53 VIR,53,,,13 12.1,-16 10,VIR,AB,5.1,12.5,79.3,6,14,285,F2,1908,,
20916,SHJ 151,54 VIR,54,,,13 13.4,-18 49,VIR,,6.8,7.3,5.3,34,14,285/ 330,A0,1822,8824,Y/R
20917,H 90,61 VIR,61,,,13 18.6,-18 16,VIR,,4.8,10.3,31.5,29,14,285/ 330,G5,1907,,
20918,,70 VIR,70,,,13 28.5, 13 47,VIR,,5.2,8.8,86.4,137,14,195,G0,1909,,
20919,STF 1750,72 VIR,72,,,13 30.4,-06 28,VIR,,6.1,11.4,29.8,16,14,240/ 285,A5,1831,8924,A is a sp-bin.
20920,HJ 2658,75 VIR,75,,,13 32.9,-15 21,VIR,AB,5.6,11.2,79.6,110,14,285/ 286,K0,1879,,
20921,STF 1763,81 VIR,81,,,13 37.6,-07 52,VIR,AB,7.9,7.9,2.7,40,14,285/ 286,K2,1830,8972,
20922,STF 1777,84 VIR,84,,,13 43.1, 03 32,VIR,,5.7,8.1,3,227,14,241,K0,1974,9000,A is a sp-bin.
20923,HJ 2677,85 VIR,85,,,13 45.6,-15 46,VIR,,6.2,11.7,43.9,313,14,286,A0,1960,,A is a sp-bin and occultation triple.
20924,,ALPHA VIR,ALPHA,,,13 25.3,-11 09,VIR,,1.2,12,147.9,32,14,285,B2,1909,,A is an Alpha CVn-type var and sp-bin.
20925,,BETA VIR,BETA,,,11 50.5, 01 45,VIR,AB,3.8,10.6,245.6,284,13,237,F8,1908,,
20926,,CHI VIR,CHI,,,12 39.3,-07 60,VIR,AB,4.8,9.1,173.1,138,13/ 14,239/ 284,K0,1886,,
20927,HJ 3343,CU VIR,CU,,,14 12.3, 02 24,VIR,,4.9,11.9,59.9,212,14,242,A0,1959,9152,A is the Alpha CVn-type var.
20928,,DELTA VIR,DELTA,,,12 55.7, 03 24,VIR,,3.7,10.7,164.5,138,13/ 14,239,M,1925,,
20929,EPS VIR,EPSILON VIR,EPSILON,,,13 02.2, 10 57,VIR,,3,11.9,248.7,120,14,194/ 195,K0,1879,,
20930,HJ 203,FG VIR,FG,,,12 14.2,-05 43,VIR,AB,6.5,12.4,25.1,352,13/ 14,238,A5,1878,8471,A is the Delta Scuti-type var FG Vir.
20931,STF 1670,GAMMA VIR,GAMMA,,,12 41.7,-01 26,VIR,AB,3.6,3.7,3.7,295,13/ 14,239,F0,1981,8630,P=171 yr- a=3.75''-motion retrograde.  Porrima. YW/YW
20932,H 81,GG VIR,GG,,,12 41.6, 10 25,VIR,,6.3,10.1,85.5,282,13/ 14,194,A5,1899,,H VI 81.A is Delta Scuti var and is also a sp-bin.
20933,STF 1846,PHI VIR,PHI,,,14 28.2,-02 13,VIR,AB,5,9.5,5.1,110,14,242,K0,1829,9273,B is a sp-bin.
20934,SHJ 171,RHO VIR,RHO,,,14 01.7, 01 33,VIR,AB,4.3,9.6,81.3,290,14,241,A2,1823,9085,A is a sp-bin.
20935,STF 1724,THETA VIR,THETA,,,13 10.0,-05 32,VIR,APxB,4.4,9.4,7.1,343,14,240,A0,1830,8801,Y/R
20936,RMK 7,EPSILON VOL,EPSILON,,,08 07.9,-68 36,VOL,,4.5,8.1,6.1,24,25,447,B8,1835,,A is a sp-bin.
20937,HJ 4103,ETA VOL,ETA,,,08 22.1,-73 23,VOL,AB,5.4,11.9,30.8,287,25,447/ 464,A6,1915,,
20938,DUN 42,GAMMA VOL,GAMMA,,,07 08.7,-70 29,VOL,,3.9,5.8,13.6,297,24,446,K0,1826,,B is a sp-bin.and is var.
20939,,KAPPA VOL,KAPPA,,,08 19.8,-71 31,VOL,AB,5.4,5.7,65,57,25,447,B9,1835,,A is a sp-bin.
20940,DUN 57,ZETA VOL,ZETA,,,07 41.8,-72 36,VOL,,3.9,9.7,16.7,116,24,446/ 464,K0,1873,,
20941,HJ 2862,1 VUL,1,,,19 16.2, 21 23,VUL,AB,4.6,11.6,39.1,13,8,161,B5,1901,12243,A is a sp-bin and possibly var.
20942,B 248,2 VUL,2,,,19 17.7, 23 00,VUL,AB,5.5,9.5,2,124,8,161,B0,1876,12287,ES VUL
20943,HJ 2871,4 VUL,4,,,19 25.5, 19 47,VUL,AB,5.3,10,18.9,100,16,161/ 162,K0,1957,12425,
20944,BU 1130,9 VUL,9,,,19 34.6, 19 46,VUL,AC,4.9,12.5,108.3,318,16,162,B8,1918,12622,
20945,STT 395,16 VUL,16,,,20 02.0, 24 55,VUL,,5.9,6.3,0.9,120,9,162/ 163,F0,1981,13277,
20946,STF 42,ALPHA VUL,ALPHA,,,19 28.7, 24 39,VUL,,4.6,6,13.7,28,8,161/ 162,M,1835,,
20947,J 2310,BE VUL,BE,,,20 25.6, 27 22,VUL,AB,8.9,11.5,40,320,9,120/ 163,,1942,,A is the Algol-type system
